                      :-) GROMACS - gmx mdrun, 2024.3 (-:

Copyright 1991-2024 The GROMACS Authors.
GROMACS is free software; you can redistribute it and/or modify it
under the terms of the GNU Lesser General Public License
as published by the Free Software Foundation; either version 2.1
of the License, or (at your option) any later version.

                         Current GROMACS contributors:
       Mark Abraham           Andrey Alekseenko           Vladimir Basov      
      Cathrine Bergh            Eliane Briand               Ania Brown        
      Mahesh Doijade            Giacomo Fiorin          Stefan Fleischmann    
      Sergey Gorelov         Gilles Gouaillardet            Alan Gray         
     M. Eric Irrgang         Farzaneh Jalalypour            Joe Jordan        
     Carsten Kutzner           Justin A. Lemkul          Magnus Lundborg      
       Pascal Merz              Vedran Miletic            Dmitry Morozov      
       Julien Nabet              Szilard Pall        Andrea Pasquadibisceglie 
    Michele Pellegrino          Hubert Santuz             Roland Schulz       
     Tatiana Shugaeva          Alexey Shvetsov            Philip Turner       
     Alessandra Villa      Sebastian Wingbermuehle  

                         Previous GROMACS contributors:
        Emile Apol             Rossen Apostolov           James Barnett       
        Paul Bauer          Herman J.C. Berendsen          Par Bjelkmar       
      Christian Blau          Viacheslav Bolnykh            Kevin Boyd        
    Aldert van Buuren          Carlo Camilloni           Rudi van Drunen      
      Anton Feenstra           Oliver Fleetwood            Vytas Gapsys       
       Gaurav Garg             Gerrit Groenhof            Bert de Groot       
      Anca Hamuraru           Vincent Hindriksen          Victor Holanda      
     Aleksei Iupinov          Christoph Junghans        Prashanth Kanduri     
   Dimitrios Karkoulis           Peter Kasson             Sebastian Kehl      
     Sebastian Keller             Jiri Kraus               Per Larsson        
      Viveca Lindahl            Erik Marklund           Pieter Meulenhoff     
      Teemu Murtola              Sander Pronk             Michael Shirts      
      Alfons Sijbers            Balint Soproni         David van der Spoel    
      Peter Tieleman            Carsten Uphoff             Jon Vincent        
     Teemu Virolainen         Christian Wennberg           Maarten Wolf       
      Artem Zhmurov       

                  Coordinated by the GROMACS project leaders:
                           Berk Hess and Erik Lindahl

GROMACS:      gmx mdrun, version 2024.3
Executable:   /usr/local/gromacs/bin/gmx
Data prefix:  /usr/local/gromacs
Working dir:  /mnt/c/Users/ashra/OneDrive/Desktop/LIPID MEMBRANE/mdsimulationpeptidemembrane/sim_run/equil
Process ID:   4438
Command line:
  gmx mdrun -deffnm npt1 -nb gpu -update gpu -bonded gpu -pme gpu -pmefft gpu -v

GROMACS version:     2024.3
Precision:           mixed
Memory model:        64 bit
MPI library:         thread_mpi
OpenMP support:      enabled (GMX_OPENMP_MAX_THREADS = 128)
GPU support:         CUDA
NBNxM GPU setup:     super-cluster 2x2x2 / cluster 8
SIMD instructions:   AVX2_256
CPU FFT library:     fftw-3.3.8-sse2-avx-avx2-avx2_128
GPU FFT library:     cuFFT
Multi-GPU FFT:       none
RDTSCP usage:        enabled
TNG support:         enabled
Hwloc support:       disabled
Tracing support:     disabled
C compiler:          /usr/bin/cc GNU 11.5.0
C compiler flags:    -fexcess-precision=fast -funroll-all-loops -mavx2 -mfma -Wno-missing-field-initializers -O3 -DNDEBUG
C++ compiler:        /usr/bin/c++ GNU 11.5.0
C++ compiler flags:  -fexcess-precision=fast -funroll-all-loops -mavx2 -mfma -Wno-missing-field-initializers -Wno-cast-function-type-strict SHELL:-fopenmp -O3 -DNDEBUG
BLAS library:        Internal
LAPACK library:      Internal
CUDA compiler:       /usr/local/cuda/bin/nvcc nvcc: NVIDIA (R) Cuda compiler driver;Copyright (c) 2005-2024 NVIDIA Corporation;Built on Tue_Feb_27_16:19:38_PST_2024;Cuda compilation tools, release 12.4, V12.4.99;Build cuda_12.4.r12.4/compiler.33961263_0
CUDA compiler flags:-std=c++17;--generate-code=arch=compute_50,code=sm_50;--generate-code=arch=compute_52,code=sm_52;--generate-code=arch=compute_60,code=sm_60;--generate-code=arch=compute_61,code=sm_61;--generate-code=arch=compute_70,code=sm_70;--generate-code=arch=compute_75,code=sm_75;--generate-code=arch=compute_80,code=sm_80;--generate-code=arch=compute_86,code=sm_86;--generate-code=arch=compute_89,code=sm_89;--generate-code=arch=compute_90,code=sm_90;-Wno-deprecated-gpu-targets;--generate-code=arch=compute_53,code=sm_53;--generate-code=arch=compute_80,code=sm_80;-use_fast_math;-Xptxas;-warn-double-usage;-Xptxas;-Werror;-D_FORCE_INLINES;-Xcompiler;-fopenmp;-fexcess-precision=fast -funroll-all-loops -mavx2 -mfma -Wno-missing-field-initializers -Wno-cast-function-type-strict SHELL:-fopenmp -O3 -DNDEBUG
CUDA driver:         13.10
CUDA runtime:        12.40


Running on 1 node with total 16 cores, 32 processing units, 1 compatible GPU
Hardware detected on host ShuMus:
  CPU info:
    Vendor: Intel
    Brand:  Intel(R) Core(TM) i9-14900KF
    Family: 6   Model: 183   Stepping: 1
    Features: aes apic avx avx2 clfsh cmov cx8 cx16 f16c fma htt intel lahf mmx msr nonstop_tsc pcid pclmuldq pdpe1gb popcnt pse rdrnd rdtscp sha sse2 sse3 sse4.1 sse4.2 ssse3 tdt x2apic
  Hardware topology: Basic
    Packages, cores, and logical processors:
    [indices refer to OS logical processors]
      Package  0: [   0   1] [   2   3] [   4   5] [   6   7] [   8   9] [  10  11] [  12  13] [  14  15] [  16  17] [  18  19] [  20  21] [  22  23] [  24  25] [  26  27] [  28  29] [  30  31]
    CPU limit set by OS: -1   Recommended max number of threads: 32
  GPU info:
    Number of GPUs detected: 1
    #0: NVIDIA NVIDIA GeForce RTX 4080 SUPER, compute cap.: 8.9, ECC:  no, stat: compatible


++++ PLEASE READ AND CITE THE FOLLOWING REFERENCE ++++
M. J. Abraham, T. Murtola, R. Schulz, S. Páll, J. C. Smith, B. Hess, E.
Lindahl
GROMACS: High performance molecular simulations through multi-level
parallelism from laptops to supercomputers
SoftwareX 1 (2015) pp. 19-25
-------- -------- --- Thank You --- -------- --------


++++ PLEASE READ AND CITE THE FOLLOWING REFERENCE ++++
S. Páll, M. J. Abraham, C. Kutzner, B. Hess, E. Lindahl
Tackling Exascale Software Challenges in Molecular Dynamics Simulations with
GROMACS
In S. Markidis & E. Laure (Eds.), Solving Software Challenges for Exascale 8759 (2015) pp. 3-27
-------- -------- --- Thank You --- -------- --------


++++ PLEASE READ AND CITE THE FOLLOWING REFERENCE ++++
S. Pronk, S. Páll, R. Schulz, P. Larsson, P. Bjelkmar, R. Apostolov, M. R.
Shirts, J. C. Smith, P. M. Kasson, D. van der Spoel, B. Hess, and E. Lindahl
GROMACS 4.5: a high-throughput and highly parallel open source molecular
simulation toolkit
Bioinformatics 29 (2013) pp. 845-54
-------- -------- --- Thank You --- -------- --------


++++ PLEASE READ AND CITE THE FOLLOWING REFERENCE ++++
B. Hess and C. Kutzner and D. van der Spoel and E. Lindahl
GROMACS 4: Algorithms for highly efficient, load-balanced, and scalable
molecular simulation
J. Chem. Theory Comput. 4 (2008) pp. 435-447
-------- -------- --- Thank You --- -------- --------


++++ PLEASE READ AND CITE THE FOLLOWING REFERENCE ++++
D. van der Spoel, E. Lindahl, B. Hess, G. Groenhof, A. E. Mark and H. J. C.
Berendsen
GROMACS: Fast, Flexible and Free
J. Comp. Chem. 26 (2005) pp. 1701-1719
-------- -------- --- Thank You --- -------- --------


++++ PLEASE READ AND CITE THE FOLLOWING REFERENCE ++++
E. Lindahl and B. Hess and D. van der Spoel
GROMACS 3.0: A package for molecular simulation and trajectory analysis
J. Mol. Mod. 7 (2001) pp. 306-317
-------- -------- --- Thank You --- -------- --------


++++ PLEASE READ AND CITE THE FOLLOWING REFERENCE ++++
H. J. C. Berendsen, D. van der Spoel and R. van Drunen
GROMACS: A message-passing parallel molecular dynamics implementation
Comp. Phys. Comm. 91 (1995) pp. 43-56
-------- -------- --- Thank You --- -------- --------


++++ PLEASE CITE THE DOI FOR THIS VERSION OF GROMACS ++++
https://doi.org/10.5281/zenodo.13456374
-------- -------- --- Thank You --- -------- --------

Input Parameters:
   integrator                     = md
   tinit                          = 0
   dt                             = 0.002
   nsteps                         = 250000
   init-step                      = 0
   simulation-part                = 1
   mts                            = false
   mass-repartition-factor        = 1
   comm-mode                      = Linear
   nstcomm                        = 100
   bd-fric                        = 0
   ld-seed                        = -67486761
   emtol                          = 10
   emstep                         = 0.01
   niter                          = 20
   fcstep                         = 0
   nstcgsteep                     = 1000
   nbfgscorr                      = 10
   rtpi                           = 0.05
   nstxout                        = 0
   nstvout                        = 0
   nstfout                        = 0
   nstlog                         = 500
   nstcalcenergy                  = 100
   nstenergy                      = 500
   nstxout-compressed             = 5000
   compressed-x-precision         = 1000
   cutoff-scheme                  = Verlet
   nstlist                        = 20
   pbc                            = xyz
   periodic-molecules             = false
   verlet-buffer-tolerance        = 0.005
   verlet-buffer-pressure-tolerance = 0.5
   rlist                          = 1.2
   coulombtype                    = PME
   coulomb-modifier               = Potential-shift
   rcoulomb-switch                = 0
   rcoulomb                       = 1.2
   epsilon-r                      = 1
   epsilon-rf                     = inf
   vdw-type                       = Cut-off
   vdw-modifier                   = Force-switch
   rvdw-switch                    = 1
   rvdw                           = 1.2
   DispCorr                       = No
   table-extension                = 1
   fourierspacing                 = 0.16
   fourier-nx                     = 42
   fourier-ny                     = 42
   fourier-nz                     = 84
   pme-order                      = 4
   ewald-rtol                     = 1e-05
   ewald-rtol-lj                  = 0.001
   lj-pme-comb-rule               = Geometric
   ewald-geometry                 = 3d
   epsilon-surface                = 0
   ensemble-temperature-setting   = constant
   ensemble-temperature           = 310
   tcoupl                         = V-rescale
   nsttcouple                     = 10
   nh-chain-length                = 0
   print-nose-hoover-chain-variables = false
   pcoupl                         = C-rescale
   pcoupltype                     = Semiisotropic
   nstpcouple                     = 100
   tau-p                          = 5
   compressibility (3x3):
      compressibility[    0]={ 4.50000e-05,  0.00000e+00,  0.00000e+00}
      compressibility[    1]={ 0.00000e+00,  4.50000e-05,  0.00000e+00}
      compressibility[    2]={ 0.00000e+00,  0.00000e+00,  4.50000e-05}
   ref-p (3x3):
      ref-p[    0]={ 1.00000e+00,  0.00000e+00,  0.00000e+00}
      ref-p[    1]={ 0.00000e+00,  1.00000e+00,  0.00000e+00}
      ref-p[    2]={ 0.00000e+00,  0.00000e+00,  1.00000e+00}
   refcoord-scaling               = No
   posres-com (3):
      posres-com[0]= 0.00000e+00
      posres-com[1]= 0.00000e+00
      posres-com[2]= 0.00000e+00
   posres-comB (3):
      posres-comB[0]= 0.00000e+00
      posres-comB[1]= 0.00000e+00
      posres-comB[2]= 0.00000e+00
   QMMM                           = false
qm-opts:
   ngQM                           = 0
   constraint-algorithm           = Lincs
   continuation                   = true
   Shake-SOR                      = false
   shake-tol                      = 0.0001
   lincs-order                    = 4
   lincs-iter                     = 1
   lincs-warnangle                = 30
   nwall                          = 0
   wall-type                      = 9-3
   wall-r-linpot                  = -1
   wall-atomtype[0]               = -1
   wall-atomtype[1]               = -1
   wall-density[0]                = 0
   wall-density[1]                = 0
   wall-ewald-zfac                = 3
   pull                           = false
   awh                            = false
   rotation                       = false
   interactiveMD                  = false
   disre                          = No
   disre-weighting                = Conservative
   disre-mixed                    = false
   dr-fc                          = 1000
   dr-tau                         = 0
   nstdisreout                    = 100
   orire-fc                       = 0
   orire-tau                      = 0
   nstorireout                    = 100
   free-energy                    = no
   cos-acceleration               = 0
   deform (3x3):
      deform[    0]={ 0.00000e+00,  0.00000e+00,  0.00000e+00}
      deform[    1]={ 0.00000e+00,  0.00000e+00,  0.00000e+00}
      deform[    2]={ 0.00000e+00,  0.00000e+00,  0.00000e+00}
   simulated-tempering            = false
   swapcoords                     = no
   userint1                       = 0
   userint2                       = 0
   userint3                       = 0
   userint4                       = 0
   userreal1                      = 0
   userreal2                      = 0
   userreal3                      = 0
   userreal4                      = 0
   applied-forces:
     electric-field:
       x:
         E0                       = 0
         omega                    = 0
         t0                       = 0
         sigma                    = 0
       y:
         E0                       = 0
         omega                    = 0
         t0                       = 0
         sigma                    = 0
       z:
         E0                       = 0
         omega                    = 0
         t0                       = 0
         sigma                    = 0
     density-guided-simulation:
       active                     = false
       group                      = protein
       similarity-measure         = inner-product
       atom-spreading-weight      = unity
       force-constant             = 1e+09
       gaussian-transform-spreading-width = 0.2
       gaussian-transform-spreading-range-in-multiples-of-width = 4
       reference-density-filename = reference.mrc
       nst                        = 1
       normalize-densities        = true
       adaptive-force-scaling     = false
       adaptive-force-scaling-time-constant = 4
       shift-vector               = 
       transformation-matrix      = 
     qmmm-cp2k:
       active                     = false
       qmgroup                    = System
       qmmethod                   = PBE
       qmfilenames                = 
       qmcharge                   = 0
       qmmultiplicity             = 1
     colvars:
       active                     = false
       configfile                 = 
       seed                       = -1
grpopts:
   nrdf:     72666.8     26579.2
   ref-t:         310         310
   tau-t:         0.1         0.1
annealing:          No          No
annealing-npoints:           0           0
   acc:	           0           0           0
   nfreeze:           N           N           N
   energygrp-flags[  0]: 0

Changing nstlist from 20 to 50, rlist from 1.2 to 1.33

When checking whether update groups are usable:
  Domain decomposition is not active, so there is no need for update groups
1 GPU selected for this run.
Mapping of GPU IDs to the 2 GPU tasks in the 1 rank on this node:
  PP:0,PME:0
PP tasks will do (non-perturbed) short-ranged and most bonded interactions on the GPU
PP task will update and constrain coordinates on the GPU
PME tasks will do all aspects on the GPU
Using 1 MPI thread
Using 16 OpenMP threads 

System total charge: 0.000
Will do PME sum in reciprocal space for electrostatic interactions.

++++ PLEASE READ AND CITE THE FOLLOWING REFERENCE ++++
U. Essmann, L. Perera, M. L. Berkowitz, T. Darden, H. Lee and L. G. Pedersen 
A smooth particle mesh Ewald method
J. Chem. Phys. 103 (1995) pp. 8577-8592
-------- -------- --- Thank You --- -------- --------

Using a Gaussian width (1/beta) of 0.384195 nm for Ewald
Potential shift: LJ r^-12: -2.648e-01 r^-6: -5.349e-01, Ewald -8.333e-06
Initialized non-bonded Coulomb Ewald tables, spacing: 1.02e-03 size: 1176

Generated table with 1165 data points for 1-4 COUL.
Tabscale = 500 points/nm
Generated table with 1165 data points for 1-4 LJ6.
Tabscale = 500 points/nm
Generated table with 1165 data points for 1-4 LJ12.
Tabscale = 500 points/nm


Using GPU 8x8 nonbonded short-range kernels

Using a dual 8x8 pair-list setup updated with dynamic, rolling pruning:
  outer list: updated every 50 steps, buffer 0.130 nm, rlist 1.330 nm
  inner list: updated every 20 steps, buffer 0.002 nm, rlist 1.202 nm
At tolerance 0.005 kJ/mol/ps per atom, equivalent classical 1x1 list would be:
  outer list: updated every 50 steps, buffer 0.208 nm, rlist 1.408 nm
  inner list: updated every 20 steps, buffer 0.138 nm, rlist 1.338 nm

The average pressure is off by at most 0.55 bar due to missing LJ interactions

Pinning threads with an auto-selected logical cpu stride of 2

Initializing LINear Constraint Solver

++++ PLEASE READ AND CITE THE FOLLOWING REFERENCE ++++
B. Hess and H. Bekker and H. J. C. Berendsen and J. G. E. M. Fraaije
LINCS: A Linear Constraint Solver for molecular simulations
J. Comp. Chem. 18 (1997) pp. 1463-1472
-------- -------- --- Thank You --- -------- --------

The number of constraints is 20157

++++ PLEASE READ AND CITE THE FOLLOWING REFERENCE ++++
S. Miyamoto and P. A. Kollman
SETTLE: An Analytical Version of the SHAKE and RATTLE Algorithms for Rigid
Water Models
J. Comp. Chem. 13 (1992) pp. 952-962
-------- -------- --- Thank You --- -------- --------


++++ PLEASE READ AND CITE THE FOLLOWING REFERENCE ++++
G. Bussi, D. Donadio and M. Parrinello
Canonical sampling through velocity rescaling
J. Chem. Phys. 126 (2007) pp. 014101
-------- -------- --- Thank You --- -------- --------


++++ PLEASE READ AND CITE THE FOLLOWING REFERENCE ++++
M. Bernetti, G. Bussi
Pressure control using stochastic cell rescaling
J. Chem. Phys. 153 (2020) pp. 114107
-------- -------- --- Thank You --- -------- --------

There are: 44182 Atoms

Updating coordinates and applying constraints on the GPU.
Center of mass motion removal mode is Linear
We have the following groups for center of mass motion removal:
  0:  rest

Started mdrun on rank 0 Sat May  9 09:34:05 2026

           Step           Time
              0        0.00000

   Energies (kJ/mol)
           Bond          Angle    Proper Dih. Per. Imp. Dih.          LJ-14
    1.49755e+04    6.37972e+04    2.77479e+04    8.65897e+01    1.50285e+04
     Coulomb-14        LJ (SR)   Coulomb (SR)   Coul. recip.      Potential
   -6.59849e+03   -3.45206e+04   -2.32447e+05    1.21577e+03   -1.50715e+05
    Kinetic En.   Total Energy  Conserved En.    Temperature Pressure (bar)
    1.28034e+05   -2.26812e+04   -2.26349e+04    3.10318e+02   -1.99741e+02
   Constr. rmsd
    0.00000e+00

           Step           Time
            500        1.00000

   Energies (kJ/mol)
           Bond          Angle    Proper Dih. Per. Imp. Dih.          LJ-14
    1.51094e+04    6.36240e+04    2.73888e+04    1.07913e+02    1.49054e+04
     Coulomb-14        LJ (SR)   Coulomb (SR)   Coul. recip.      Potential
   -6.55754e+03   -3.48375e+04   -2.31501e+05    1.20210e+03   -1.50558e+05
    Kinetic En.   Total Energy  Conserved En.    Temperature Pressure (bar)
    1.28317e+05   -2.22412e+04   -2.25929e+04    3.11005e+02   -1.38344e+02
   Constr. rmsd
    0.00000e+00

           Step           Time
           1000        2.00000

   Energies (kJ/mol)
           Bond          Angle    Proper Dih. Per. Imp. Dih.          LJ-14
    1.48980e+04    6.35504e+04    2.77390e+04    9.50512e+01    1.49966e+04
     Coulomb-14        LJ (SR)   Coulomb (SR)   Coul. recip.      Potential
   -6.56829e+03   -3.40962e+04   -2.32933e+05    1.16582e+03   -1.51152e+05
    Kinetic En.   Total Energy  Conserved En.    Temperature Pressure (bar)
    1.27984e+05   -2.31679e+04   -2.24334e+04    3.10198e+02    7.36067e+01
   Constr. rmsd
    0.00000e+00

           Step           Time
           1500        3.00000

   Energies (kJ/mol)
           Bond          Angle    Proper Dih. Per. Imp. Dih.          LJ-14
    1.46790e+04    6.31978e+04    2.78078e+04    9.52936e+01    1.49232e+04
     Coulomb-14        LJ (SR)   Coulomb (SR)   Coul. recip.      Potential
   -6.50180e+03   -3.38453e+04   -2.33600e+05    1.21363e+03   -1.52030e+05
    Kinetic En.   Total Energy  Conserved En.    Temperature Pressure (bar)
    1.27606e+05   -2.44242e+04   -2.23757e+04    3.09281e+02   -1.93631e+02
   Constr. rmsd
    0.00000e+00

           Step           Time
           2000        4.00000

   Energies (kJ/mol)
           Bond          Angle    Proper Dih. Per. Imp. Dih.          LJ-14
    1.50052e+04    6.33083e+04    2.76550e+04    8.64110e+01    1.50687e+04
     Coulomb-14        LJ (SR)   Coulomb (SR)   Coul. recip.      Potential
   -6.54325e+03   -3.47613e+04   -2.33343e+05    1.29817e+03   -1.52226e+05
    Kinetic En.   Total Energy  Conserved En.    Temperature Pressure (bar)
    1.27401e+05   -2.48251e+04   -2.23914e+04    3.08784e+02   -5.57023e+01
   Constr. rmsd
    0.00000e+00

           Step           Time
           2500        5.00000

   Energies (kJ/mol)
           Bond          Angle    Proper Dih. Per. Imp. Dih.          LJ-14
    1.48597e+04    6.26581e+04    2.76196e+04    1.05366e+02    1.48070e+04
     Coulomb-14        LJ (SR)   Coulomb (SR)   Coul. recip.      Potential
   -6.53321e+03   -3.50930e+04   -2.33281e+05    1.20269e+03   -1.53655e+05
    Kinetic En.   Total Energy  Conserved En.    Temperature Pressure (bar)
    1.28403e+05   -2.52517e+04   -2.21963e+04    3.11214e+02   -2.86982e+02
   Constr. rmsd
    0.00000e+00

           Step           Time
           3000        6.00000

   Energies (kJ/mol)
           Bond          Angle    Proper Dih. Per. Imp. Dih.          LJ-14
    1.52963e+04    6.47330e+04    2.79162e+04    9.77639e+01    1.49716e+04
     Coulomb-14        LJ (SR)   Coulomb (SR)   Coul. recip.      Potential
   -6.58230e+03   -3.42248e+04   -2.32354e+05    1.27019e+03   -1.48876e+05
    Kinetic En.   Total Energy  Conserved En.    Temperature Pressure (bar)
    1.29423e+05   -1.94523e+04   -2.17676e+04    3.13687e+02   -1.71740e+02
   Constr. rmsd
    0.00000e+00

           Step           Time
           3500        7.00000

   Energies (kJ/mol)
           Bond          Angle    Proper Dih. Per. Imp. Dih.          LJ-14
    1.49235e+04    6.41107e+04    2.75620e+04    1.09520e+02    1.49130e+04
     Coulomb-14        LJ (SR)   Coulomb (SR)   Coul. recip.      Potential
   -6.53390e+03   -3.40583e+04   -2.33974e+05    1.21448e+03   -1.51733e+05
    Kinetic En.   Total Energy  Conserved En.    Temperature Pressure (bar)
    1.28436e+05   -2.32971e+04   -2.15986e+04    3.11292e+02    9.43825e+00
   Constr. rmsd
    0.00000e+00

           Step           Time
           4000        8.00000

   Energies (kJ/mol)
           Bond          Angle    Proper Dih. Per. Imp. Dih.          LJ-14
    1.51381e+04    6.34192e+04    2.76993e+04    1.17852e+02    1.49654e+04
     Coulomb-14        LJ (SR)   Coulomb (SR)   Coul. recip.      Potential
   -6.52071e+03   -3.45295e+04   -2.32918e+05    1.21865e+03   -1.51410e+05
    Kinetic En.   Total Energy  Conserved En.    Temperature Pressure (bar)
    1.27738e+05   -2.36724e+04   -2.15561e+04    3.09600e+02   -1.82471e+00
   Constr. rmsd
    0.00000e+00

           Step           Time
           4500        9.00000

   Energies (kJ/mol)
           Bond          Angle    Proper Dih. Per. Imp. Dih.          LJ-14
    1.49130e+04    6.36161e+04    2.79043e+04    8.93011e+01    1.47357e+04
     Coulomb-14        LJ (SR)   Coulomb (SR)   Coul. recip.      Potential
   -6.46174e+03   -3.42748e+04   -2.33698e+05    1.27094e+03   -1.51905e+05
    Kinetic En.   Total Energy  Conserved En.    Temperature Pressure (bar)
    1.27737e+05   -2.41685e+04   -2.13228e+04    3.09598e+02   -2.09047e+02
   Constr. rmsd
    0.00000e+00

           Step           Time
           5000       10.00000

   Energies (kJ/mol)
           Bond          Angle    Proper Dih. Per. Imp. Dih.          LJ-14
    1.49245e+04    6.35299e+04    2.76207e+04    1.04938e+02    1.48844e+04
     Coulomb-14        LJ (SR)   Coulomb (SR)   Coul. recip.      Potential
   -6.38800e+03   -3.39212e+04   -2.33188e+05    1.21207e+03   -1.51221e+05
    Kinetic En.   Total Energy  Conserved En.    Temperature Pressure (bar)
    1.27636e+05   -2.35844e+04   -2.11824e+04    3.09355e+02   -2.44122e+02
   Constr. rmsd
    0.00000e+00

           Step           Time
           5500       11.00000

   Energies (kJ/mol)
           Bond          Angle    Proper Dih. Per. Imp. Dih.          LJ-14
    1.51251e+04    6.39069e+04    2.77248e+04    9.77432e+01    1.48976e+04
     Coulomb-14        LJ (SR)   Coulomb (SR)   Coul. recip.      Potential
   -6.60807e+03   -3.38313e+04   -2.33640e+05    1.20883e+03   -1.51118e+05
    Kinetic En.   Total Energy  Conserved En.    Temperature Pressure (bar)
    1.27736e+05   -2.33821e+04   -2.10197e+04    3.09596e+02   -1.56378e+02
   Constr. rmsd
    0.00000e+00

           Step           Time
           6000       12.00000

   Energies (kJ/mol)
           Bond          Angle    Proper Dih. Per. Imp. Dih.          LJ-14
    1.45976e+04    6.37177e+04    2.77885e+04    9.82284e+01    1.49106e+04
     Coulomb-14        LJ (SR)   Coulomb (SR)   Coul. recip.      Potential
   -6.52719e+03   -3.39438e+04   -2.33490e+05    1.17537e+03   -1.51673e+05
    Kinetic En.   Total Energy  Conserved En.    Temperature Pressure (bar)
    1.27560e+05   -2.41124e+04   -2.08713e+04    3.09171e+02    4.74306e+00
   Constr. rmsd
    0.00000e+00

           Step           Time
           6500       13.00000

   Energies (kJ/mol)
           Bond          Angle    Proper Dih. Per. Imp. Dih.          LJ-14
    1.48919e+04    6.29212e+04    2.77453e+04    1.01583e+02    1.48494e+04
     Coulomb-14        LJ (SR)   Coulomb (SR)   Coul. recip.      Potential
   -6.55155e+03   -3.46291e+04   -2.33384e+05    1.23701e+03   -1.52819e+05
    Kinetic En.   Total Energy  Conserved En.    Temperature Pressure (bar)
    1.29400e+05   -2.34185e+04   -2.05247e+04    3.13630e+02   -3.36345e+02
   Constr. rmsd
    0.00000e+00

           Step           Time
           7000       14.00000

   Energies (kJ/mol)
           Bond          Angle    Proper Dih. Per. Imp. Dih.          LJ-14
    1.48143e+04    6.35741e+04    2.76835e+04    1.11230e+02    1.48982e+04
     Coulomb-14        LJ (SR)   Coulomb (SR)   Coul. recip.      Potential
   -6.61169e+03   -3.43143e+04   -2.33179e+05    1.21272e+03   -1.51810e+05
    Kinetic En.   Total Energy  Conserved En.    Temperature Pressure (bar)
    1.27650e+05   -2.41609e+04   -2.04217e+04    3.09387e+02    9.50623e+00
   Constr. rmsd
    0.00000e+00

           Step           Time
           7500       15.00000

   Energies (kJ/mol)
           Bond          Angle    Proper Dih. Per. Imp. Dih.          LJ-14
    1.47459e+04    6.39789e+04    2.76683e+04    8.39122e+01    1.49279e+04
     Coulomb-14        LJ (SR)   Coulomb (SR)   Coul. recip.      Potential
   -6.53493e+03   -3.55692e+04   -2.32057e+05    1.21778e+03   -1.51538e+05
    Kinetic En.   Total Energy  Conserved En.    Temperature Pressure (bar)
    1.28999e+05   -2.25390e+04   -2.02361e+04    3.12658e+02   -1.90635e+02
   Constr. rmsd
    0.00000e+00

           Step           Time
           8000       16.00000

   Energies (kJ/mol)
           Bond          Angle    Proper Dih. Per. Imp. Dih.          LJ-14
    1.48291e+04    6.39309e+04    2.76786e+04    1.07991e+02    1.49569e+04
     Coulomb-14        LJ (SR)   Coulomb (SR)   Coul. recip.      Potential
   -6.57380e+03   -3.47224e+04   -2.33403e+05    1.22033e+03   -1.51976e+05
    Kinetic En.   Total Energy  Conserved En.    Temperature Pressure (bar)
    1.27865e+05   -2.41109e+04   -2.00076e+04    3.09909e+02   -2.11623e+02
   Constr. rmsd
    0.00000e+00

           Step           Time
           8500       17.00000

   Energies (kJ/mol)
           Bond          Angle    Proper Dih. Per. Imp. Dih.          LJ-14
    1.50668e+04    6.29703e+04    2.74696e+04    1.15573e+02    1.48129e+04
     Coulomb-14        LJ (SR)   Coulomb (SR)   Coul. recip.      Potential
   -6.48465e+03   -3.39899e+04   -2.35027e+05    1.25226e+03   -1.53814e+05
    Kinetic En.   Total Energy  Conserved En.    Temperature Pressure (bar)
    1.26985e+05   -2.68289e+04   -1.98018e+04    3.07777e+02   -1.43451e+02
   Constr. rmsd
    0.00000e+00

           Step           Time
           9000       18.00000

   Energies (kJ/mol)
           Bond          Angle    Proper Dih. Per. Imp. Dih.          LJ-14
    1.48553e+04    6.33557e+04    2.73640e+04    1.09245e+02    1.49375e+04
     Coulomb-14        LJ (SR)   Coulomb (SR)   Coul. recip.      Potential
   -6.59595e+03   -3.36050e+04   -2.35321e+05    1.27355e+03   -1.53626e+05
    Kinetic En.   Total Energy  Conserved En.    Temperature Pressure (bar)
    1.28306e+05   -2.53201e+04   -1.97909e+04    3.10978e+02    1.11366e+02
   Constr. rmsd
    0.00000e+00

           Step           Time
           9500       19.00000

   Energies (kJ/mol)
           Bond          Angle    Proper Dih. Per. Imp. Dih.          LJ-14
    1.50251e+04    6.40584e+04    2.76893e+04    1.08369e+02    1.47972e+04
     Coulomb-14        LJ (SR)   Coulomb (SR)   Coul. recip.      Potential
   -6.59460e+03   -3.52316e+04   -2.32225e+05    1.20834e+03   -1.51165e+05
    Kinetic En.   Total Energy  Conserved En.    Temperature Pressure (bar)
    1.27985e+05   -2.31804e+04   -1.96169e+04    3.10199e+02   -3.56454e+02
   Constr. rmsd
    0.00000e+00

           Step           Time
          10000       20.00000

   Energies (kJ/mol)
           Bond          Angle    Proper Dih. Per. Imp. Dih.          LJ-14
    1.46512e+04    6.37582e+04    2.76718e+04    9.33461e+01    1.49219e+04
     Coulomb-14        LJ (SR)   Coulomb (SR)   Coul. recip.      Potential
   -6.46645e+03   -3.48809e+04   -2.32182e+05    1.22061e+03   -1.51213e+05
    Kinetic En.   Total Energy  Conserved En.    Temperature Pressure (bar)
    1.29288e+05   -2.19250e+04   -1.96452e+04    3.13357e+02   -1.53840e+02
   Constr. rmsd
    0.00000e+00

           Step           Time
          10500       21.00000

   Energies (kJ/mol)
           Bond          Angle    Proper Dih. Per. Imp. Dih.          LJ-14
    1.49943e+04    6.36956e+04    2.75724e+04    9.68436e+01    1.50158e+04
     Coulomb-14        LJ (SR)   Coulomb (SR)   Coul. recip.      Potential
   -6.54454e+03   -3.43356e+04   -2.33230e+05    1.21694e+03   -1.51518e+05
    Kinetic En.   Total Energy  Conserved En.    Temperature Pressure (bar)
    1.27312e+05   -2.42065e+04   -1.92739e+04    3.08569e+02   -1.96346e+02
   Constr. rmsd
    0.00000e+00

           Step           Time
          11000       22.00000

   Energies (kJ/mol)
           Bond          Angle    Proper Dih. Per. Imp. Dih.          LJ-14
    1.51041e+04    6.29100e+04    2.74404e+04    8.62875e+01    1.49509e+04
     Coulomb-14        LJ (SR)   Coulomb (SR)   Coul. recip.      Potential
   -6.43960e+03   -3.52261e+04   -2.33105e+05    1.21814e+03   -1.53061e+05
    Kinetic En.   Total Energy  Conserved En.    Temperature Pressure (bar)
    1.28436e+05   -2.46254e+04   -1.91950e+04    3.11292e+02   -2.99422e+02
   Constr. rmsd
    0.00000e+00

           Step           Time
          11500       23.00000

   Energies (kJ/mol)
           Bond          Angle    Proper Dih. Per. Imp. Dih.          LJ-14
    1.48050e+04    6.37482e+04    2.75528e+04    1.05688e+02    1.49732e+04
     Coulomb-14        LJ (SR)   Coulomb (SR)   Coul. recip.      Potential
   -6.47991e+03   -3.58270e+04   -2.32293e+05    1.19517e+03   -1.52220e+05
    Kinetic En.   Total Energy  Conserved En.    Temperature Pressure (bar)
    1.28368e+05   -2.38518e+04   -1.90559e+04    3.11128e+02   -7.39383e+01
   Constr. rmsd
    0.00000e+00

step 11600: timed with pme grid 42 42 84, coulomb cutoff 1.200: 67.2 M-cycles
step 11700: timed with pme grid 36 36 72, coulomb cutoff 1.344: 86.6 M-cycles
step 11800: timed with pme grid 40 40 80, coulomb cutoff 1.209: 125.8 M-cycles
step 11900: timed with pme grid 42 42 84, coulomb cutoff 1.200: 129.2 M-cycles
              optimal pme grid 42 42 84, coulomb cutoff 1.200
           Step           Time
          12000       24.00000

   Energies (kJ/mol)
           Bond          Angle    Proper Dih. Per. Imp. Dih.          LJ-14
    1.53981e+04    6.34768e+04    2.74420e+04    7.98502e+01    1.48826e+04
     Coulomb-14        LJ (SR)   Coulomb (SR)   Coul. recip.      Potential
   -6.47104e+03   -3.41492e+04   -2.33408e+05    1.18809e+03   -1.51561e+05
    Kinetic En.   Total Energy  Conserved En.    Temperature Pressure (bar)
    1.28016e+05   -2.35450e+04   -1.90209e+04    3.10275e+02   -1.44978e+02
   Constr. rmsd
    0.00000e+00

           Step           Time
          12500       25.00000

   Energies (kJ/mol)
           Bond          Angle    Proper Dih. Per. Imp. Dih.          LJ-14
    1.51709e+04    6.26573e+04    2.74767e+04    1.26631e+02    1.49227e+04
     Coulomb-14        LJ (SR)   Coulomb (SR)   Coul. recip.      Potential
   -6.51770e+03   -3.41548e+04   -2.34637e+05    1.22051e+03   -1.53735e+05
    Kinetic En.   Total Energy  Conserved En.    Temperature Pressure (bar)
    1.28833e+05   -2.49017e+04   -1.88817e+04    3.12256e+02   -1.51934e+02
   Constr. rmsd
    0.00000e+00

           Step           Time
          13000       26.00000

   Energies (kJ/mol)
           Bond          Angle    Proper Dih. Per. Imp. Dih.          LJ-14
    1.51307e+04    6.35526e+04    2.77017e+04    9.25270e+01    1.48511e+04
     Coulomb-14        LJ (SR)   Coulomb (SR)   Coul. recip.      Potential
   -6.52133e+03   -3.42385e+04   -2.33291e+05    1.23254e+03   -1.51490e+05
    Kinetic En.   Total Energy  Conserved En.    Temperature Pressure (bar)
    1.28533e+05   -2.29572e+04   -1.85864e+04    3.11528e+02   -1.71431e+02
   Constr. rmsd
    0.00000e+00

           Step           Time
          13500       27.00000

   Energies (kJ/mol)
           Bond          Angle    Proper Dih. Per. Imp. Dih.          LJ-14
    1.46667e+04    6.37335e+04    2.77203e+04    1.23141e+02    1.51029e+04
     Coulomb-14        LJ (SR)   Coulomb (SR)   Coul. recip.      Potential
   -6.59533e+03   -3.55958e+04   -2.32225e+05    1.19655e+03   -1.51873e+05
    Kinetic En.   Total Energy  Conserved En.    Temperature Pressure (bar)
    1.28349e+05   -2.35241e+04   -1.84888e+04    3.11083e+02    1.52339e+02
   Constr. rmsd
    0.00000e+00

           Step           Time
          14000       28.00000

   Energies (kJ/mol)
           Bond          Angle    Proper Dih. Per. Imp. Dih.          LJ-14
    1.51429e+04    6.32437e+04    2.77832e+04    9.70744e+01    1.48468e+04
     Coulomb-14        LJ (SR)   Coulomb (SR)   Coul. recip.      Potential
   -6.54094e+03   -3.43319e+04   -2.33708e+05    1.18016e+03   -1.52287e+05
    Kinetic En.   Total Energy  Conserved En.    Temperature Pressure (bar)
    1.27776e+05   -2.45114e+04   -1.82190e+04    3.09693e+02   -1.14545e+01
   Constr. rmsd
    0.00000e+00

           Step           Time
          14500       29.00000

   Energies (kJ/mol)
           Bond          Angle    Proper Dih. Per. Imp. Dih.          LJ-14
    1.50034e+04    6.28740e+04    2.75044e+04    9.57223e+01    1.47709e+04
     Coulomb-14        LJ (SR)   Coulomb (SR)   Coul. recip.      Potential
   -6.52195e+03   -3.51953e+04   -2.33058e+05    1.22069e+03   -1.53306e+05
    Kinetic En.   Total Energy  Conserved En.    Temperature Pressure (bar)
    1.28029e+05   -2.52767e+04   -1.81222e+04    3.10308e+02   -2.47701e+02
   Constr. rmsd
    0.00000e+00

           Step           Time
          15000       30.00000

   Energies (kJ/mol)
           Bond          Angle    Proper Dih. Per. Imp. Dih.          LJ-14
    1.50442e+04    6.34676e+04    2.75626e+04    8.59072e+01    1.50393e+04
     Coulomb-14        LJ (SR)   Coulomb (SR)   Coul. recip.      Potential
   -6.45443e+03   -3.55553e+04   -2.32573e+05    1.22094e+03   -1.52162e+05
    Kinetic En.   Total Energy  Conserved En.    Temperature Pressure (bar)
    1.28456e+05   -2.37069e+04   -1.80379e+04    3.11341e+02   -6.73270e+01
   Constr. rmsd
    0.00000e+00

           Step           Time
          15500       31.00000

   Energies (kJ/mol)
           Bond          Angle    Proper Dih. Per. Imp. Dih.          LJ-14
    1.48843e+04    6.36913e+04    2.75634e+04    1.04103e+02    1.48667e+04
     Coulomb-14        LJ (SR)   Coulomb (SR)   Coul. recip.      Potential
   -6.60863e+03   -3.51864e+04   -2.33309e+05    1.21073e+03   -1.52784e+05
    Kinetic En.   Total Energy  Conserved En.    Temperature Pressure (bar)
    1.27930e+05   -2.48535e+04   -1.76761e+04    3.10067e+02   -2.62823e+02
   Constr. rmsd
    0.00000e+00

           Step           Time
          16000       32.00000

   Energies (kJ/mol)
           Bond          Angle    Proper Dih. Per. Imp. Dih.          LJ-14
    1.47921e+04    6.35084e+04    2.75689e+04    8.70611e+01    1.51413e+04
     Coulomb-14        LJ (SR)   Coulomb (SR)   Coul. recip.      Potential
   -6.57271e+03   -3.49904e+04   -2.32852e+05    1.21936e+03   -1.52098e+05
    Kinetic En.   Total Energy  Conserved En.    Temperature Pressure (bar)
    1.28718e+05   -2.33797e+04   -1.76450e+04    3.11977e+02    1.48697e+02
   Constr. rmsd
    0.00000e+00

           Step           Time
          16500       33.00000

   Energies (kJ/mol)
           Bond          Angle    Proper Dih. Per. Imp. Dih.          LJ-14
    1.50723e+04    6.44781e+04    2.76269e+04    9.70830e+01    1.49939e+04
     Coulomb-14        LJ (SR)   Coulomb (SR)   Coul. recip.      Potential
   -6.50169e+03   -3.55033e+04   -2.31718e+05    1.18819e+03   -1.50266e+05
    Kinetic En.   Total Energy  Conserved En.    Temperature Pressure (bar)
    1.27276e+05   -2.29906e+04   -1.73538e+04    3.08481e+02   -1.83330e+02
   Constr. rmsd
    0.00000e+00

           Step           Time
          17000       34.00000

   Energies (kJ/mol)
           Bond          Angle    Proper Dih. Per. Imp. Dih.          LJ-14
    1.48484e+04    6.38618e+04    2.76468e+04    9.81575e+01    1.49042e+04
     Coulomb-14        LJ (SR)   Coulomb (SR)   Coul. recip.      Potential
   -6.50625e+03   -3.51451e+04   -2.32473e+05    1.23002e+03   -1.51535e+05
    Kinetic En.   Total Energy  Conserved En.    Temperature Pressure (bar)
    1.28413e+05   -2.31217e+04   -1.73839e+04    3.11237e+02   -7.71048e+01
   Constr. rmsd
    0.00000e+00

           Step           Time
          17500       35.00000

   Energies (kJ/mol)
           Bond          Angle    Proper Dih. Per. Imp. Dih.          LJ-14
    1.50785e+04    6.40484e+04    2.78531e+04    9.19042e+01    1.49881e+04
     Coulomb-14        LJ (SR)   Coulomb (SR)   Coul. recip.      Potential
   -6.50705e+03   -3.52383e+04   -2.32785e+05    1.22072e+03   -1.51250e+05
    Kinetic En.   Total Energy  Conserved En.    Temperature Pressure (bar)
    1.29062e+05   -2.21878e+04   -1.71892e+04    3.12811e+02   -1.69699e+02
   Constr. rmsd
    0.00000e+00

           Step           Time
          18000       36.00000

   Energies (kJ/mol)
           Bond          Angle    Proper Dih. Per. Imp. Dih.          LJ-14
    1.50739e+04    6.29594e+04    2.74783e+04    9.67159e+01    1.48395e+04
     Coulomb-14        LJ (SR)   Coulomb (SR)   Coul. recip.      Potential
   -6.51297e+03   -3.51017e+04   -2.33513e+05    1.18659e+03   -1.53494e+05
    Kinetic En.   Total Energy  Conserved En.    Temperature Pressure (bar)
    1.27902e+05   -2.55914e+04   -1.69622e+04    3.09999e+02   -3.05476e+02
   Constr. rmsd
    0.00000e+00

           Step           Time
          18500       37.00000

   Energies (kJ/mol)
           Bond          Angle    Proper Dih. Per. Imp. Dih.          LJ-14
    1.52861e+04    6.35558e+04    2.77507e+04    1.08327e+02    1.47602e+04
     Coulomb-14        LJ (SR)   Coulomb (SR)   Coul. recip.      Potential
   -6.52927e+03   -3.48017e+04   -2.34265e+05    1.25240e+03   -1.52882e+05
    Kinetic En.   Total Energy  Conserved En.    Temperature Pressure (bar)
    1.26765e+05   -2.61170e+04   -1.65316e+04    3.07244e+02   -1.64172e+02
   Constr. rmsd
    0.00000e+00

           Step           Time
          19000       38.00000

   Energies (kJ/mol)
           Bond          Angle    Proper Dih. Per. Imp. Dih.          LJ-14
    1.51447e+04    6.36895e+04    2.76028e+04    1.10372e+02    1.50484e+04
     Coulomb-14        LJ (SR)   Coulomb (SR)   Coul. recip.      Potential
   -6.46271e+03   -3.54194e+04   -2.33318e+05    1.21669e+03   -1.52388e+05
    Kinetic En.   Total Energy  Conserved En.    Temperature Pressure (bar)
    1.26926e+05   -2.54627e+04   -1.64897e+04    3.07632e+02   -5.71739e+01
   Constr. rmsd
    0.00000e+00

           Step           Time
          19500       39.00000

   Energies (kJ/mol)
           Bond          Angle    Proper Dih. Per. Imp. Dih.          LJ-14
    1.50767e+04    6.37749e+04    2.73637e+04    9.42441e+01    1.48096e+04
     Coulomb-14        LJ (SR)   Coulomb (SR)   Coul. recip.      Potential
   -6.55791e+03   -3.58971e+04   -2.32281e+05    1.23687e+03   -1.52380e+05
    Kinetic En.   Total Energy  Conserved En.    Temperature Pressure (bar)
    1.27765e+05   -2.46142e+04   -1.63545e+04    3.09668e+02   -4.62594e+02
   Constr. rmsd
    0.00000e+00

           Step           Time
          20000       40.00000

   Energies (kJ/mol)
           Bond          Angle    Proper Dih. Per. Imp. Dih.          LJ-14
    1.51652e+04    6.27154e+04    2.74041e+04    1.16238e+02    1.46772e+04
     Coulomb-14        LJ (SR)   Coulomb (SR)   Coul. recip.      Potential
   -6.49048e+03   -3.50196e+04   -2.34554e+05    1.23230e+03   -1.54754e+05
    Kinetic En.   Total Energy  Conserved En.    Temperature Pressure (bar)
    1.28574e+05   -2.61797e+04   -1.63267e+04    3.11628e+02   -2.80819e+02
   Constr. rmsd
    0.00000e+00

           Step           Time
          20500       41.00000

   Energies (kJ/mol)
           Bond          Angle    Proper Dih. Per. Imp. Dih.          LJ-14
    1.53053e+04    6.39348e+04    2.75808e+04    1.11504e+02    1.50230e+04
     Coulomb-14        LJ (SR)   Coulomb (SR)   Coul. recip.      Potential
   -6.54039e+03   -3.49139e+04   -2.34276e+05    1.20353e+03   -1.52571e+05
    Kinetic En.   Total Energy  Conserved En.    Temperature Pressure (bar)
    1.27530e+05   -2.50414e+04   -1.58292e+04    3.09096e+02   -2.09347e+02
   Constr. rmsd
    0.00000e+00

           Step           Time
          21000       42.00000

   Energies (kJ/mol)
           Bond          Angle    Proper Dih. Per. Imp. Dih.          LJ-14
    1.46765e+04    6.30823e+04    2.73074e+04    9.23837e+01    1.48617e+04
     Coulomb-14        LJ (SR)   Coulomb (SR)   Coul. recip.      Potential
   -6.56364e+03   -3.48512e+04   -2.34716e+05    1.23400e+03   -1.54877e+05
    Kinetic En.   Total Energy  Conserved En.    Temperature Pressure (bar)
    1.27512e+05   -2.73654e+04   -1.59062e+04    3.09053e+02   -5.76994e+01
   Constr. rmsd
    0.00000e+00

           Step           Time
          21500       43.00000

   Energies (kJ/mol)
           Bond          Angle    Proper Dih. Per. Imp. Dih.          LJ-14
    1.46876e+04    6.41937e+04    2.75429e+04    9.06272e+01    1.48847e+04
     Coulomb-14        LJ (SR)   Coulomb (SR)   Coul. recip.      Potential
   -6.49964e+03   -3.54144e+04   -2.33271e+05    1.21417e+03   -1.52572e+05
    Kinetic En.   Total Energy  Conserved En.    Temperature Pressure (bar)
    1.28238e+05   -2.43335e+04   -1.57998e+04    3.10813e+02   -1.63141e+02
   Constr. rmsd
    0.00000e+00

           Step           Time
          22000       44.00000

   Energies (kJ/mol)
           Bond          Angle    Proper Dih. Per. Imp. Dih.          LJ-14
    1.50315e+04    6.29529e+04    2.75918e+04    1.02721e+02    1.47806e+04
     Coulomb-14        LJ (SR)   Coulomb (SR)   Coul. recip.      Potential
   -6.53201e+03   -3.59720e+04   -2.33332e+05    1.19968e+03   -1.54177e+05
    Kinetic En.   Total Energy  Conserved En.    Temperature Pressure (bar)
    1.28852e+05   -2.53251e+04   -1.58051e+04    3.12301e+02   -2.86919e+02
   Constr. rmsd
    0.00000e+00

           Step           Time
          22500       45.00000

   Energies (kJ/mol)
           Bond          Angle    Proper Dih. Per. Imp. Dih.          LJ-14
    1.53367e+04    6.34957e+04    2.75843e+04    8.96060e+01    1.49935e+04
     Coulomb-14        LJ (SR)   Coulomb (SR)   Coul. recip.      Potential
   -6.58060e+03   -3.61379e+04   -2.32590e+05    1.23781e+03   -1.52571e+05
    Kinetic En.   Total Energy  Conserved En.    Temperature Pressure (bar)
    1.26791e+05   -2.57802e+04   -1.55456e+04    3.07307e+02   -3.62040e+02
   Constr. rmsd
    0.00000e+00

           Step           Time
          23000       46.00000

   Energies (kJ/mol)
           Bond          Angle    Proper Dih. Per. Imp. Dih.          LJ-14
    1.45390e+04    6.38474e+04    2.74494e+04    9.65718e+01    1.50023e+04
     Coulomb-14        LJ (SR)   Coulomb (SR)   Coul. recip.      Potential
   -6.46203e+03   -3.54622e+04   -2.33238e+05    1.20280e+03   -1.53025e+05
    Kinetic En.   Total Energy  Conserved En.    Temperature Pressure (bar)
    1.27687e+05   -2.53376e+04   -1.55831e+04    3.09479e+02    2.21718e+02
   Constr. rmsd
    0.00000e+00

           Step           Time
          23500       47.00000

   Energies (kJ/mol)
           Bond          Angle    Proper Dih. Per. Imp. Dih.          LJ-14
    1.48213e+04    6.32547e+04    2.75911e+04    1.08717e+02    1.49508e+04
     Coulomb-14        LJ (SR)   Coulomb (SR)   Coul. recip.      Potential
   -6.60892e+03   -3.57542e+04   -2.33023e+05    1.26569e+03   -1.53394e+05
    Kinetic En.   Total Energy  Conserved En.    Temperature Pressure (bar)
    1.27268e+05   -2.61255e+04   -1.54287e+04    3.08463e+02   -2.34212e+02
   Constr. rmsd
    0.00000e+00

           Step           Time
          24000       48.00000

   Energies (kJ/mol)
           Bond          Angle    Proper Dih. Per. Imp. Dih.          LJ-14
    1.51010e+04    6.31676e+04    2.73375e+04    1.25673e+02    1.50295e+04
     Coulomb-14        LJ (SR)   Coulomb (SR)   Coul. recip.      Potential
   -6.62639e+03   -3.52410e+04   -2.33936e+05    1.14712e+03   -1.53895e+05
    Kinetic En.   Total Energy  Conserved En.    Temperature Pressure (bar)
    1.27317e+05   -2.65784e+04   -1.53693e+04    3.08581e+02    8.14121e+01
   Constr. rmsd
    0.00000e+00

           Step           Time
          24500       49.00000

   Energies (kJ/mol)
           Bond          Angle    Proper Dih. Per. Imp. Dih.          LJ-14
    1.48084e+04    6.31507e+04    2.74936e+04    8.75149e+01    1.48697e+04
     Coulomb-14        LJ (SR)   Coulomb (SR)   Coul. recip.      Potential
   -6.49952e+03   -3.51335e+04   -2.33530e+05    1.19683e+03   -1.53556e+05
    Kinetic En.   Total Energy  Conserved En.    Temperature Pressure (bar)
    1.27623e+05   -2.59337e+04   -1.54800e+04    3.09322e+02   -3.77251e+01
   Constr. rmsd
    0.00000e+00

           Step           Time
          25000       50.00000

   Energies (kJ/mol)
           Bond          Angle    Proper Dih. Per. Imp. Dih.          LJ-14
    1.52322e+04    6.41443e+04    2.76202e+04    8.87083e+01    1.49214e+04
     Coulomb-14        LJ (SR)   Coulomb (SR)   Coul. recip.      Potential
   -6.57477e+03   -3.59435e+04   -2.32658e+05    1.22179e+03   -1.51948e+05
    Kinetic En.   Total Energy  Conserved En.    Temperature Pressure (bar)
    1.28281e+05   -2.36672e+04   -1.52752e+04    3.10917e+02   -2.06131e+02
   Constr. rmsd
    0.00000e+00

           Step           Time
          25500       51.00000

   Energies (kJ/mol)
           Bond          Angle    Proper Dih. Per. Imp. Dih.          LJ-14
    1.49547e+04    6.32890e+04    2.73978e+04    1.02652e+02    1.49217e+04
     Coulomb-14        LJ (SR)   Coulomb (SR)   Coul. recip.      Potential
   -6.58937e+03   -3.54991e+04   -2.33030e+05    1.23621e+03   -1.53216e+05
    Kinetic En.   Total Energy  Conserved En.    Temperature Pressure (bar)
    1.28369e+05   -2.48471e+04   -1.53449e+04    3.11132e+02   -9.52333e+01
   Constr. rmsd
    0.00000e+00

           Step           Time
          26000       52.00000

   Energies (kJ/mol)
           Bond          Angle    Proper Dih. Per. Imp. Dih.          LJ-14
    1.50865e+04    6.32118e+04    2.74549e+04    1.13243e+02    1.49122e+04
     Coulomb-14        LJ (SR)   Coulomb (SR)   Coul. recip.      Potential
   -6.51365e+03   -3.54760e+04   -2.33454e+05    1.26260e+03   -1.53403e+05
    Kinetic En.   Total Energy  Conserved En.    Temperature Pressure (bar)
    1.26691e+05   -2.67115e+04   -1.51698e+04    3.07064e+02   -2.55566e+02
   Constr. rmsd
    0.00000e+00

           Step           Time
          26500       53.00000

   Energies (kJ/mol)
           Bond          Angle    Proper Dih. Per. Imp. Dih.          LJ-14
    1.50021e+04    6.36379e+04    2.76327e+04    9.02450e+01    1.49604e+04
     Coulomb-14        LJ (SR)   Coulomb (SR)   Coul. recip.      Potential
   -6.56174e+03   -3.50635e+04   -2.34335e+05    1.21652e+03   -1.53421e+05
    Kinetic En.   Total Energy  Conserved En.    Temperature Pressure (bar)
    1.27432e+05   -2.59892e+04   -1.51240e+04    3.08859e+02   -6.37680e+01
   Constr. rmsd
    0.00000e+00

           Step           Time
          27000       54.00000

   Energies (kJ/mol)
           Bond          Angle    Proper Dih. Per. Imp. Dih.          LJ-14
    1.49665e+04    6.35059e+04    2.77667e+04    9.61560e+01    1.50100e+04
     Coulomb-14        LJ (SR)   Coulomb (SR)   Coul. recip.      Potential
   -6.62737e+03   -3.54872e+04   -2.33629e+05    1.18024e+03   -1.53218e+05
    Kinetic En.   Total Energy  Conserved En.    Temperature Pressure (bar)
    1.27945e+05   -2.52724e+04   -1.50954e+04    3.10104e+02   -3.10327e+02
   Constr. rmsd
    0.00000e+00

           Step           Time
          27500       55.00000

   Energies (kJ/mol)
           Bond          Angle    Proper Dih. Per. Imp. Dih.          LJ-14
    1.49665e+04    6.26290e+04    2.74934e+04    8.08172e+01    1.48418e+04
     Coulomb-14        LJ (SR)   Coulomb (SR)   Coul. recip.      Potential
   -6.65397e+03   -3.55733e+04   -2.33043e+05    1.23373e+03   -1.54025e+05
    Kinetic En.   Total Energy  Conserved En.    Temperature Pressure (bar)
    1.27573e+05   -2.64518e+04   -1.48859e+04    3.09202e+02   -2.98836e+01
   Constr. rmsd
    0.00000e+00

           Step           Time
          28000       56.00000

   Energies (kJ/mol)
           Bond          Angle    Proper Dih. Per. Imp. Dih.          LJ-14
    1.48054e+04    6.33893e+04    2.78026e+04    9.86171e+01    1.48195e+04
     Coulomb-14        LJ (SR)   Coulomb (SR)   Coul. recip.      Potential
   -6.48926e+03   -3.43021e+04   -2.35938e+05    1.17294e+03   -1.54641e+05
    Kinetic En.   Total Energy  Conserved En.    Temperature Pressure (bar)
    1.26852e+05   -2.77891e+04   -1.46718e+04    3.07453e+02   -7.89002e+01
   Constr. rmsd
    0.00000e+00

           Step           Time
          28500       57.00000

   Energies (kJ/mol)
           Bond          Angle    Proper Dih. Per. Imp. Dih.          LJ-14
    1.49618e+04    6.29760e+04    2.74207e+04    1.09430e+02    1.48793e+04
     Coulomb-14        LJ (SR)   Coulomb (SR)   Coul. recip.      Potential
   -6.50138e+03   -3.47919e+04   -2.34157e+05    1.22034e+03   -1.53883e+05
    Kinetic En.   Total Energy  Conserved En.    Temperature Pressure (bar)
    1.28641e+05   -2.52424e+04   -1.46961e+04    3.11789e+02   -1.93960e+02
   Constr. rmsd
    0.00000e+00

           Step           Time
          29000       58.00000

   Energies (kJ/mol)
           Bond          Angle    Proper Dih. Per. Imp. Dih.          LJ-14
    1.52284e+04    6.39060e+04    2.75045e+04    1.10711e+02    1.49004e+04
     Coulomb-14        LJ (SR)   Coulomb (SR)   Coul. recip.      Potential
   -6.66625e+03   -3.57560e+04   -2.32438e+05    1.22514e+03   -1.51985e+05
    Kinetic En.   Total Energy  Conserved En.    Temperature Pressure (bar)
    1.28514e+05   -2.34713e+04   -1.44276e+04    3.11482e+02   -1.86886e+02
   Constr. rmsd
    0.00000e+00

           Step           Time
          29500       59.00000

   Energies (kJ/mol)
           Bond          Angle    Proper Dih. Per. Imp. Dih.          LJ-14
    1.48424e+04    6.35178e+04    2.75534e+04    9.31702e+01    1.49681e+04
     Coulomb-14        LJ (SR)   Coulomb (SR)   Coul. recip.      Potential
   -6.50736e+03   -3.59420e+04   -2.32763e+05    1.16459e+03   -1.53073e+05
    Kinetic En.   Total Energy  Conserved En.    Temperature Pressure (bar)
    1.27592e+05   -2.54807e+04   -1.44653e+04    3.09248e+02    6.82214e+00
   Constr. rmsd
    0.00000e+00

           Step           Time
          30000       60.00000

   Energies (kJ/mol)
           Bond          Angle    Proper Dih. Per. Imp. Dih.          LJ-14
    1.49635e+04    6.35678e+04    2.74246e+04    9.96826e+01    1.48715e+04
     Coulomb-14        LJ (SR)   Coulomb (SR)   Coul. recip.      Potential
   -6.54270e+03   -3.49088e+04   -2.34144e+05    1.14581e+03   -1.53522e+05
    Kinetic En.   Total Energy  Conserved En.    Temperature Pressure (bar)
    1.28849e+05   -2.46738e+04   -1.43427e+04    3.12293e+02   -1.62788e+02
   Constr. rmsd
    0.00000e+00

           Step           Time
          30500       61.00000

   Energies (kJ/mol)
           Bond          Angle    Proper Dih. Per. Imp. Dih.          LJ-14
    1.50754e+04    6.36922e+04    2.75145e+04    1.24604e+02    1.50540e+04
     Coulomb-14        LJ (SR)   Coulomb (SR)   Coul. recip.      Potential
   -6.59455e+03   -3.66340e+04   -2.31640e+05    1.19318e+03   -1.52215e+05
    Kinetic En.   Total Energy  Conserved En.    Temperature Pressure (bar)
    1.28195e+05   -2.40198e+04   -1.44681e+04    3.10709e+02    4.82992e-01
   Constr. rmsd
    0.00000e+00

           Step           Time
          31000       62.00000

   Energies (kJ/mol)
           Bond          Angle    Proper Dih. Per. Imp. Dih.          LJ-14
    1.49343e+04    6.35802e+04    2.75336e+04    9.77751e+01    1.49207e+04
     Coulomb-14        LJ (SR)   Coulomb (SR)   Coul. recip.      Potential
   -6.64189e+03   -3.62998e+04   -2.32632e+05    1.15688e+03   -1.53350e+05
    Kinetic En.   Total Energy  Conserved En.    Temperature Pressure (bar)
    1.27807e+05   -2.55427e+04   -1.42831e+04    3.09769e+02   -1.77839e+02
   Constr. rmsd
    0.00000e+00

           Step           Time
          31500       63.00000

   Energies (kJ/mol)
           Bond          Angle    Proper Dih. Per. Imp. Dih.          LJ-14
    1.50396e+04    6.30860e+04    2.76700e+04    9.38880e+01    1.48829e+04
     Coulomb-14        LJ (SR)   Coulomb (SR)   Coul. recip.      Potential
   -6.61108e+03   -3.64546e+04   -2.32970e+05    1.16170e+03   -1.54102e+05
    Kinetic En.   Total Energy  Conserved En.    Temperature Pressure (bar)
    1.26591e+05   -2.75113e+04   -1.40220e+04    3.06820e+02   -1.67968e+02
   Constr. rmsd
    0.00000e+00

           Step           Time
          32000       64.00000

   Energies (kJ/mol)
           Bond          Angle    Proper Dih. Per. Imp. Dih.          LJ-14
    1.47593e+04    6.37031e+04    2.77505e+04    1.18398e+02    1.49200e+04
     Coulomb-14        LJ (SR)   Coulomb (SR)   Coul. recip.      Potential
   -6.60958e+03   -3.51626e+04   -2.34097e+05    1.18984e+03   -1.53428e+05
    Kinetic En.   Total Energy  Conserved En.    Temperature Pressure (bar)
    1.27114e+05   -2.63141e+04   -1.40470e+04    3.08088e+02   -1.70879e+02
   Constr. rmsd
    0.00000e+00

           Step           Time
          32500       65.00000

   Energies (kJ/mol)
           Bond          Angle    Proper Dih. Per. Imp. Dih.          LJ-14
    1.50024e+04    6.34900e+04    2.73307e+04    9.55955e+01    1.48325e+04
     Coulomb-14        LJ (SR)   Coulomb (SR)   Coul. recip.      Potential
   -6.55934e+03   -3.62274e+04   -2.33013e+05    1.15265e+03   -1.53896e+05
    Kinetic En.   Total Energy  Conserved En.    Temperature Pressure (bar)
    1.27315e+05   -2.65814e+04   -1.38178e+04    3.08575e+02   -2.19212e+02
   Constr. rmsd
    0.00000e+00

           Step           Time
          33000       66.00000

   Energies (kJ/mol)
           Bond          Angle    Proper Dih. Per. Imp. Dih.          LJ-14
    1.49690e+04    6.40871e+04    2.75071e+04    1.04724e+02    1.49119e+04
     Coulomb-14        LJ (SR)   Coulomb (SR)   Coul. recip.      Potential
   -6.52699e+03   -3.60040e+04   -2.33027e+05    1.22527e+03   -1.52753e+05
    Kinetic En.   Total Energy  Conserved En.    Temperature Pressure (bar)
    1.27491e+05   -2.52615e+04   -1.38327e+04    3.09003e+02   -1.95405e+02
   Constr. rmsd
    0.00000e+00

           Step           Time
          33500       67.00000

   Energies (kJ/mol)
           Bond          Angle    Proper Dih. Per. Imp. Dih.          LJ-14
    1.52586e+04    6.36635e+04    2.76977e+04    1.04855e+02    1.48844e+04
     Coulomb-14        LJ (SR)   Coulomb (SR)   Coul. recip.      Potential
   -6.51573e+03   -3.62102e+04   -2.32912e+05    1.22740e+03   -1.52801e+05
    Kinetic En.   Total Energy  Conserved En.    Temperature Pressure (bar)
    1.27865e+05   -2.49362e+04   -1.35258e+04    3.09909e+02   -2.89146e+02
   Constr. rmsd
    0.00000e+00

           Step           Time
          34000       68.00000

   Energies (kJ/mol)
           Bond          Angle    Proper Dih. Per. Imp. Dih.          LJ-14
    1.46886e+04    6.35184e+04    2.75800e+04    1.01234e+02    1.49034e+04
     Coulomb-14        LJ (SR)   Coulomb (SR)   Coul. recip.      Potential
   -6.64276e+03   -3.44434e+04   -2.34802e+05    1.20634e+03   -1.53890e+05
    Kinetic En.   Total Energy  Conserved En.    Temperature Pressure (bar)
    1.28054e+05   -2.58359e+04   -1.36317e+04    3.10368e+02   -6.69472e+01
   Constr. rmsd
    0.00000e+00

           Step           Time
          34500       69.00000

   Energies (kJ/mol)
           Bond          Angle    Proper Dih. Per. Imp. Dih.          LJ-14
    1.49327e+04    6.33175e+04    2.77542e+04    1.02680e+02    1.50113e+04
     Coulomb-14        LJ (SR)   Coulomb (SR)   Coul. recip.      Potential
   -6.67148e+03   -3.60357e+04   -2.32931e+05    1.19613e+03   -1.53324e+05
    Kinetic En.   Total Energy  Conserved En.    Temperature Pressure (bar)
    1.27212e+05   -2.61112e+04   -1.36445e+04    3.08327e+02   -3.87461e+01
   Constr. rmsd
    0.00000e+00

           Step           Time
          35000       70.00000

   Energies (kJ/mol)
           Bond          Angle    Proper Dih. Per. Imp. Dih.          LJ-14
    1.48254e+04    6.31791e+04    2.75705e+04    8.88522e+01    1.50820e+04
     Coulomb-14        LJ (SR)   Coulomb (SR)   Coul. recip.      Potential
   -6.58840e+03   -3.54990e+04   -2.33728e+05    1.22893e+03   -1.53841e+05
    Kinetic En.   Total Energy  Conserved En.    Temperature Pressure (bar)
    1.26804e+05   -2.70368e+04   -1.34531e+04    3.07338e+02    1.58729e+02
   Constr. rmsd
    0.00000e+00

           Step           Time
          35500       71.00000

   Energies (kJ/mol)
           Bond          Angle    Proper Dih. Per. Imp. Dih.          LJ-14
    1.49206e+04    6.32901e+04    2.76123e+04    1.07598e+02    1.48997e+04
     Coulomb-14        LJ (SR)   Coulomb (SR)   Coul. recip.      Potential
   -6.58994e+03   -3.56921e+04   -2.34086e+05    1.24000e+03   -1.54298e+05
    Kinetic En.   Total Energy  Conserved En.    Temperature Pressure (bar)
    1.28738e+05   -2.55604e+04   -1.32974e+04    3.12025e+02   -3.29390e+00
   Constr. rmsd
    0.00000e+00

           Step           Time
          36000       72.00000

   Energies (kJ/mol)
           Bond          Angle    Proper Dih. Per. Imp. Dih.          LJ-14
    1.46937e+04    6.33803e+04    2.75996e+04    9.49826e+01    1.50049e+04
     Coulomb-14        LJ (SR)   Coulomb (SR)   Coul. recip.      Potential
   -6.49468e+03   -3.50148e+04   -2.33797e+05    1.21793e+03   -1.53315e+05
    Kinetic En.   Total Energy  Conserved En.    Temperature Pressure (bar)
    1.28795e+05   -2.45196e+04   -1.32417e+04    3.12164e+02    5.49945e+01
   Constr. rmsd
    0.00000e+00

           Step           Time
          36500       73.00000

   Energies (kJ/mol)
           Bond          Angle    Proper Dih. Per. Imp. Dih.          LJ-14
    1.47445e+04    6.32845e+04    2.75887e+04    1.00695e+02    1.50002e+04
     Coulomb-14        LJ (SR)   Coulomb (SR)   Coul. recip.      Potential
   -6.54845e+03   -3.54460e+04   -2.34223e+05    1.19366e+03   -1.54305e+05
    Kinetic En.   Total Energy  Conserved En.    Temperature Pressure (bar)
    1.27439e+05   -2.68665e+04   -1.30708e+04    3.08876e+02    1.83720e+02
   Constr. rmsd
    0.00000e+00

           Step           Time
          37000       74.00000

   Energies (kJ/mol)
           Bond          Angle    Proper Dih. Per. Imp. Dih.          LJ-14
    1.47515e+04    6.32755e+04    2.73300e+04    8.53056e+01    1.48964e+04
     Coulomb-14        LJ (SR)   Coulomb (SR)   Coul. recip.      Potential
   -6.58139e+03   -3.58265e+04   -2.33692e+05    1.18186e+03   -1.54579e+05
    Kinetic En.   Total Energy  Conserved En.    Temperature Pressure (bar)
    1.28472e+05   -2.61075e+04   -1.30270e+04    3.11380e+02   -2.54696e+02
   Constr. rmsd
    0.00000e+00

           Step           Time
          37500       75.00000

   Energies (kJ/mol)
           Bond          Angle    Proper Dih. Per. Imp. Dih.          LJ-14
    1.53799e+04    6.32391e+04    2.77444e+04    1.00513e+02    1.47494e+04
     Coulomb-14        LJ (SR)   Coulomb (SR)   Coul. recip.      Potential
   -6.60871e+03   -3.59273e+04   -2.32575e+05    1.16243e+03   -1.52735e+05
    Kinetic En.   Total Energy  Conserved En.    Temperature Pressure (bar)
    1.28543e+05   -2.41925e+04   -1.29858e+04    3.11552e+02   -4.91917e+02
   Constr. rmsd
    0.00000e+00

           Step           Time
          38000       76.00000

   Energies (kJ/mol)
           Bond          Angle    Proper Dih. Per. Imp. Dih.          LJ-14
    1.49442e+04    6.29397e+04    2.73360e+04    1.15838e+02    1.48737e+04
     Coulomb-14        LJ (SR)   Coulomb (SR)   Coul. recip.      Potential
   -6.53469e+03   -3.56241e+04   -2.33755e+05    1.19739e+03   -1.54508e+05
    Kinetic En.   Total Energy  Conserved En.    Temperature Pressure (bar)
    1.27375e+05   -2.71327e+04   -1.27734e+04    3.08721e+02   -8.33250e+01
   Constr. rmsd
    0.00000e+00

           Step           Time
          38500       77.00000

   Energies (kJ/mol)
           Bond          Angle    Proper Dih. Per. Imp. Dih.          LJ-14
    1.53268e+04    6.31371e+04    2.73221e+04    8.01821e+01    1.50185e+04
     Coulomb-14        LJ (SR)   Coulomb (SR)   Coul. recip.      Potential
   -6.59089e+03   -3.53788e+04   -2.33391e+05    1.18618e+03   -1.53290e+05
    Kinetic En.   Total Energy  Conserved En.    Temperature Pressure (bar)
    1.28331e+05   -2.49586e+04   -1.29120e+04    3.11040e+02   -7.41090e+01
   Constr. rmsd
    0.00000e+00

           Step           Time
          39000       78.00000

   Energies (kJ/mol)
           Bond          Angle    Proper Dih. Per. Imp. Dih.          LJ-14
    1.52264e+04    6.32912e+04    2.75879e+04    9.20432e+01    1.48588e+04
     Coulomb-14        LJ (SR)   Coulomb (SR)   Coul. recip.      Potential
   -6.59860e+03   -3.67211e+04   -2.31611e+05    1.23365e+03   -1.52641e+05
    Kinetic En.   Total Energy  Conserved En.    Temperature Pressure (bar)
    1.28612e+05   -2.40291e+04   -1.29128e+04    3.11719e+02   -1.27865e+02
   Constr. rmsd
    0.00000e+00

           Step           Time
          39500       79.00000

   Energies (kJ/mol)
           Bond          Angle    Proper Dih. Per. Imp. Dih.          LJ-14
    1.51082e+04    6.34682e+04    2.76730e+04    9.54006e+01    1.49852e+04
     Coulomb-14        LJ (SR)   Coulomb (SR)   Coul. recip.      Potential
   -6.60913e+03   -3.53126e+04   -2.32927e+05    1.18349e+03   -1.52335e+05
    Kinetic En.   Total Energy  Conserved En.    Temperature Pressure (bar)
    1.27966e+05   -2.43688e+04   -1.28902e+04    3.10155e+02    1.51919e+01
   Constr. rmsd
    0.00000e+00

           Step           Time
          40000       80.00000

   Energies (kJ/mol)
           Bond          Angle    Proper Dih. Per. Imp. Dih.          LJ-14
    1.52081e+04    6.39037e+04    2.74852e+04    1.03222e+02    1.49003e+04
     Coulomb-14        LJ (SR)   Coulomb (SR)   Coul. recip.      Potential
   -6.61178e+03   -3.62707e+04   -2.32037e+05    1.21133e+03   -1.52108e+05
    Kinetic En.   Total Energy  Conserved En.    Temperature Pressure (bar)
    1.28219e+05   -2.38886e+04   -1.27358e+04    3.10767e+02   -1.60451e+02
   Constr. rmsd
    0.00000e+00

           Step           Time
          40500       81.00000

   Energies (kJ/mol)
           Bond          Angle    Proper Dih. Per. Imp. Dih.          LJ-14
    1.52411e+04    6.33896e+04    2.75985e+04    1.06756e+02    1.47776e+04
     Coulomb-14        LJ (SR)   Coulomb (SR)   Coul. recip.      Potential
   -6.50299e+03   -3.59565e+04   -2.33720e+05    1.16272e+03   -1.53903e+05
    Kinetic En.   Total Energy  Conserved En.    Temperature Pressure (bar)
    1.28436e+05   -2.54674e+04   -1.25604e+04    3.11292e+02   -5.11684e+02
   Constr. rmsd
    0.00000e+00

           Step           Time
          41000       82.00000

   Energies (kJ/mol)
           Bond          Angle    Proper Dih. Per. Imp. Dih.          LJ-14
    1.52013e+04    6.30504e+04    2.74218e+04    1.09870e+02    1.48536e+04
     Coulomb-14        LJ (SR)   Coulomb (SR)   Coul. recip.      Potential
   -6.62993e+03   -3.54103e+04   -2.34812e+05    1.22189e+03   -1.54993e+05
    Kinetic En.   Total Energy  Conserved En.    Temperature Pressure (bar)
    1.26956e+05   -2.80372e+04   -1.24415e+04    3.07707e+02   -5.16053e+02
   Constr. rmsd
    0.00000e+00

           Step           Time
          41500       83.00000

   Energies (kJ/mol)
           Bond          Angle    Proper Dih. Per. Imp. Dih.          LJ-14
    1.52695e+04    6.33822e+04    2.74863e+04    1.19985e+02    1.47756e+04
     Coulomb-14        LJ (SR)   Coulomb (SR)   Coul. recip.      Potential
   -6.58173e+03   -3.57008e+04   -2.33850e+05    1.22108e+03   -1.53878e+05
    Kinetic En.   Total Energy  Conserved En.    Temperature Pressure (bar)
    1.27612e+05   -2.62653e+04   -1.23792e+04    3.09297e+02   -3.76039e+02
   Constr. rmsd
    0.00000e+00

           Step           Time
          42000       84.00000

   Energies (kJ/mol)
           Bond          Angle    Proper Dih. Per. Imp. Dih.          LJ-14
    1.52807e+04    6.31268e+04    2.74229e+04    9.25079e+01    1.48851e+04
     Coulomb-14        LJ (SR)   Coulomb (SR)   Coul. recip.      Potential
   -6.55647e+03   -3.58749e+04   -2.34033e+05    1.18549e+03   -1.54471e+05
    Kinetic En.   Total Energy  Conserved En.    Temperature Pressure (bar)
    1.27341e+05   -2.71303e+04   -1.21241e+04    3.08639e+02   -1.42026e+02
   Constr. rmsd
    0.00000e+00

           Step           Time
          42500       85.00000

   Energies (kJ/mol)
           Bond          Angle    Proper Dih. Per. Imp. Dih.          LJ-14
    1.46600e+04    6.36600e+04    2.75877e+04    1.01515e+02    1.49511e+04
     Coulomb-14        LJ (SR)   Coulomb (SR)   Coul. recip.      Potential
   -6.61431e+03   -3.60598e+04   -2.34011e+05    1.17342e+03   -1.54552e+05
    Kinetic En.   Total Energy  Conserved En.    Temperature Pressure (bar)
    1.28769e+05   -2.57822e+04   -1.22280e+04    3.12101e+02   -1.42305e+01
   Constr. rmsd
    0.00000e+00

           Step           Time
          43000       86.00000

   Energies (kJ/mol)
           Bond          Angle    Proper Dih. Per. Imp. Dih.          LJ-14
    1.47246e+04    6.37975e+04    2.75299e+04    9.52147e+01    1.48777e+04
     Coulomb-14        LJ (SR)   Coulomb (SR)   Coul. recip.      Potential
   -6.66935e+03   -3.56119e+04   -2.33941e+05    1.15922e+03   -1.54039e+05
    Kinetic En.   Total Energy  Conserved En.    Temperature Pressure (bar)
    1.27636e+05   -2.64031e+04   -1.22869e+04    3.09353e+02    7.76520e+00
   Constr. rmsd
    0.00000e+00

           Step           Time
          43500       87.00000

   Energies (kJ/mol)
           Bond          Angle    Proper Dih. Per. Imp. Dih.          LJ-14
    1.49803e+04    6.29904e+04    2.75652e+04    9.26467e+01    1.49905e+04
     Coulomb-14        LJ (SR)   Coulomb (SR)   Coul. recip.      Potential
   -6.69463e+03   -3.62261e+04   -2.33800e+05    1.15362e+03   -1.54948e+05
    Kinetic En.   Total Energy  Conserved En.    Temperature Pressure (bar)
    1.26092e+05   -2.88560e+04   -1.21169e+04    3.05613e+02   -4.90122e+01
   Constr. rmsd
    0.00000e+00

           Step           Time
          44000       88.00000

   Energies (kJ/mol)
           Bond          Angle    Proper Dih. Per. Imp. Dih.          LJ-14
    1.49612e+04    6.34549e+04    2.72758e+04    1.01209e+02    1.49209e+04
     Coulomb-14        LJ (SR)   Coulomb (SR)   Coul. recip.      Potential
   -6.72724e+03   -3.62828e+04   -2.33210e+05    1.25113e+03   -1.54255e+05
    Kinetic En.   Total Energy  Conserved En.    Temperature Pressure (bar)
    1.27761e+05   -2.64935e+04   -1.19138e+04    3.09657e+02   -8.84162e+01
   Constr. rmsd
    0.00000e+00

           Step           Time
          44500       89.00000

   Energies (kJ/mol)
           Bond          Angle    Proper Dih. Per. Imp. Dih.          LJ-14
    1.49361e+04    6.27045e+04    2.76427e+04    9.72444e+01    1.49622e+04
     Coulomb-14        LJ (SR)   Coulomb (SR)   Coul. recip.      Potential
   -6.57937e+03   -3.49844e+04   -2.34884e+05    1.27500e+03   -1.54829e+05
    Kinetic En.   Total Energy  Conserved En.    Temperature Pressure (bar)
    1.27274e+05   -2.75551e+04   -1.21532e+04    3.08478e+02   -4.17179e+01
   Constr. rmsd
    0.00000e+00

           Step           Time
          45000       90.00000

   Energies (kJ/mol)
           Bond          Angle    Proper Dih. Per. Imp. Dih.          LJ-14
    1.50111e+04    6.37432e+04    2.75684e+04    1.06087e+02    1.48112e+04
     Coulomb-14        LJ (SR)   Coulomb (SR)   Coul. recip.      Potential
   -6.75615e+03   -3.52033e+04   -2.34317e+05    1.23321e+03   -1.53803e+05
    Kinetic En.   Total Energy  Conserved En.    Temperature Pressure (bar)
    1.28375e+05   -2.54286e+04   -1.19482e+04    3.11144e+02   -9.23238e+01
   Constr. rmsd
    0.00000e+00

           Step           Time
          45500       91.00000

   Energies (kJ/mol)
           Bond          Angle    Proper Dih. Per. Imp. Dih.          LJ-14
    1.52156e+04    6.36824e+04    2.73918e+04    1.04146e+02    1.48648e+04
     Coulomb-14        LJ (SR)   Coulomb (SR)   Coul. recip.      Potential
   -6.66938e+03   -3.56419e+04   -2.33766e+05    1.24033e+03   -1.53579e+05
    Kinetic En.   Total Energy  Conserved En.    Temperature Pressure (bar)
    1.28191e+05   -2.53876e+04   -1.19497e+04    3.10700e+02   -1.69014e+02
   Constr. rmsd
    0.00000e+00

           Step           Time
          46000       92.00000

   Energies (kJ/mol)
           Bond          Angle    Proper Dih. Per. Imp. Dih.          LJ-14
    1.52223e+04    6.34056e+04    2.74529e+04    9.34012e+01    1.47971e+04
     Coulomb-14        LJ (SR)   Coulomb (SR)   Coul. recip.      Potential
   -6.64212e+03   -3.59981e+04   -2.32678e+05    1.22825e+03   -1.53119e+05
    Kinetic En.   Total Energy  Conserved En.    Temperature Pressure (bar)
    1.27469e+05   -2.56502e+04   -1.17853e+04    3.08948e+02   -2.71353e+02
   Constr. rmsd
    0.00000e+00

           Step           Time
          46500       93.00000

   Energies (kJ/mol)
           Bond          Angle    Proper Dih. Per. Imp. Dih.          LJ-14
    1.50060e+04    6.29130e+04    2.77468e+04    1.24247e+02    1.48686e+04
     Coulomb-14        LJ (SR)   Coulomb (SR)   Coul. recip.      Potential
   -6.53238e+03   -3.55478e+04   -2.34342e+05    1.19732e+03   -1.54566e+05
    Kinetic En.   Total Energy  Conserved En.    Temperature Pressure (bar)
    1.28075e+05   -2.64909e+04   -1.17097e+04    3.10418e+02   -3.99108e+01
   Constr. rmsd
    0.00000e+00

           Step           Time
          47000       94.00000

   Energies (kJ/mol)
           Bond          Angle    Proper Dih. Per. Imp. Dih.          LJ-14
    1.52012e+04    6.35794e+04    2.73167e+04    9.41630e+01    1.48710e+04
     Coulomb-14        LJ (SR)   Coulomb (SR)   Coul. recip.      Potential
   -6.60138e+03   -3.58259e+04   -2.33654e+05    1.15167e+03   -1.53868e+05
    Kinetic En.   Total Energy  Conserved En.    Temperature Pressure (bar)
    1.27843e+05   -2.60244e+04   -1.16727e+04    3.09856e+02   -1.39248e+02
   Constr. rmsd
    0.00000e+00

           Step           Time
          47500       95.00000

   Energies (kJ/mol)
           Bond          Angle    Proper Dih. Per. Imp. Dih.          LJ-14
    1.52017e+04    6.32376e+04    2.75067e+04    9.58771e+01    1.49372e+04
     Coulomb-14        LJ (SR)   Coulomb (SR)   Coul. recip.      Potential
   -6.61802e+03   -3.53069e+04   -2.33841e+05    1.20812e+03   -1.53579e+05
    Kinetic En.   Total Energy  Conserved En.    Temperature Pressure (bar)
    1.28318e+05   -2.52603e+04   -1.15922e+04    3.11008e+02   -4.94567e+01
   Constr. rmsd
    0.00000e+00

           Step           Time
          48000       96.00000

   Energies (kJ/mol)
           Bond          Angle    Proper Dih. Per. Imp. Dih.          LJ-14
    1.47835e+04    6.34196e+04    2.76312e+04    1.15503e+02    1.50472e+04
     Coulomb-14        LJ (SR)   Coulomb (SR)   Coul. recip.      Potential
   -6.61998e+03   -3.57460e+04   -2.34331e+05    1.26700e+03   -1.54433e+05
    Kinetic En.   Total Energy  Conserved En.    Temperature Pressure (bar)
    1.26892e+05   -2.75407e+04   -1.15897e+04    3.07551e+02    1.28178e+02
   Constr. rmsd
    0.00000e+00

           Step           Time
          48500       97.00000

   Energies (kJ/mol)
           Bond          Angle    Proper Dih. Per. Imp. Dih.          LJ-14
    1.49662e+04    6.32025e+04    2.74238e+04    9.95337e+01    1.48700e+04
     Coulomb-14        LJ (SR)   Coulomb (SR)   Coul. recip.      Potential
   -6.71026e+03   -3.62921e+04   -2.32957e+05    1.21223e+03   -1.54185e+05
    Kinetic En.   Total Energy  Conserved En.    Temperature Pressure (bar)
    1.26950e+05   -2.72343e+04   -1.17801e+04    3.07692e+02   -6.94106e+00
   Constr. rmsd
    0.00000e+00

           Step           Time
          49000       98.00000

   Energies (kJ/mol)
           Bond          Angle    Proper Dih. Per. Imp. Dih.          LJ-14
    1.51007e+04    6.34926e+04    2.76762e+04    9.62283e+01    1.50399e+04
     Coulomb-14        LJ (SR)   Coulomb (SR)   Coul. recip.      Potential
   -6.62087e+03   -3.55854e+04   -2.33696e+05    1.19104e+03   -1.53305e+05
    Kinetic En.   Total Energy  Conserved En.    Temperature Pressure (bar)
    1.26819e+05   -2.64864e+04   -1.17818e+04    3.07374e+02   -1.92715e+02
   Constr. rmsd
    0.00000e+00

           Step           Time
          49500       99.00000

   Energies (kJ/mol)
           Bond          Angle    Proper Dih. Per. Imp. Dih.          LJ-14
    1.50841e+04    6.38192e+04    2.74012e+04    1.07303e+02    1.49020e+04
     Coulomb-14        LJ (SR)   Coulomb (SR)   Coul. recip.      Potential
   -6.55992e+03   -3.61010e+04   -2.33175e+05    1.19581e+03   -1.53326e+05
    Kinetic En.   Total Energy  Conserved En.    Temperature Pressure (bar)
    1.27995e+05   -2.53306e+04   -1.15998e+04    3.10225e+02   -4.71194e+01
   Constr. rmsd
    0.00000e+00

           Step           Time
          50000      100.00000

   Energies (kJ/mol)
           Bond          Angle    Proper Dih. Per. Imp. Dih.          LJ-14
    1.49776e+04    6.34689e+04    2.75728e+04    9.90300e+01    1.49142e+04
     Coulomb-14        LJ (SR)   Coulomb (SR)   Coul. recip.      Potential
   -6.64401e+03   -3.58662e+04   -2.33202e+05    1.20643e+03   -1.53473e+05
    Kinetic En.   Total Energy  Conserved En.    Temperature Pressure (bar)
    1.27902e+05   -2.55709e+04   -1.14656e+04    3.10000e+02   -1.82092e+02
   Constr. rmsd
    0.00000e+00

           Step           Time
          50500      101.00000

   Energies (kJ/mol)
           Bond          Angle    Proper Dih. Per. Imp. Dih.          LJ-14
    1.47830e+04    6.47646e+04    2.76600e+04    1.01778e+02    1.48130e+04
     Coulomb-14        LJ (SR)   Coulomb (SR)   Coul. recip.      Potential
   -6.63725e+03   -3.62622e+04   -2.33242e+05    1.22919e+03   -1.52790e+05
    Kinetic En.   Total Energy  Conserved En.    Temperature Pressure (bar)
    1.27842e+05   -2.49481e+04   -1.13191e+04    3.09854e+02   -2.60854e+02
   Constr. rmsd
    0.00000e+00

           Step           Time
          51000      102.00000

   Energies (kJ/mol)
           Bond          Angle    Proper Dih. Per. Imp. Dih.          LJ-14
    1.46224e+04    6.32241e+04    2.77951e+04    1.20513e+02    1.49693e+04
     Coulomb-14        LJ (SR)   Coulomb (SR)   Coul. recip.      Potential
   -6.60884e+03   -3.67824e+04   -2.32757e+05    1.18736e+03   -1.54229e+05
    Kinetic En.   Total Energy  Conserved En.    Temperature Pressure (bar)
    1.28708e+05   -2.55214e+04   -1.14288e+04    3.11952e+02   -1.78764e+01
   Constr. rmsd
    0.00000e+00

           Step           Time
          51500      103.00000

   Energies (kJ/mol)
           Bond          Angle    Proper Dih. Per. Imp. Dih.          LJ-14
    1.51850e+04    6.25396e+04    2.77439e+04    9.76464e+01    1.48280e+04
     Coulomb-14        LJ (SR)   Coulomb (SR)   Coul. recip.      Potential
   -6.65057e+03   -3.63101e+04   -2.33310e+05    1.23742e+03   -1.54639e+05
    Kinetic En.   Total Energy  Conserved En.    Temperature Pressure (bar)
    1.27267e+05   -2.73724e+04   -1.11660e+04    3.08459e+02   -3.24644e+02
   Constr. rmsd
    0.00000e+00

           Step           Time
          52000      104.00000

   Energies (kJ/mol)
           Bond          Angle    Proper Dih. Per. Imp. Dih.          LJ-14
    1.49944e+04    6.31061e+04    2.76082e+04    9.95749e+01    1.48480e+04
     Coulomb-14        LJ (SR)   Coulomb (SR)   Coul. recip.      Potential
   -6.59624e+03   -3.67753e+04   -2.33674e+05    1.16160e+03   -1.55227e+05
    Kinetic En.   Total Energy  Conserved En.    Temperature Pressure (bar)
    1.27720e+05   -2.75071e+04   -1.10064e+04    3.09558e+02   -3.02504e+02
   Constr. rmsd
    0.00000e+00

           Step           Time
          52500      105.00000

   Energies (kJ/mol)
           Bond          Angle    Proper Dih. Per. Imp. Dih.          LJ-14
    1.48922e+04    6.31975e+04    2.75801e+04    8.92727e+01    1.49432e+04
     Coulomb-14        LJ (SR)   Coulomb (SR)   Coul. recip.      Potential
   -6.69458e+03   -3.53280e+04   -2.34422e+05    1.18342e+03   -1.54559e+05
    Kinetic En.   Total Energy  Conserved En.    Temperature Pressure (bar)
    1.27121e+05   -2.74387e+04   -1.10450e+04    3.08105e+02    8.03280e+01
   Constr. rmsd
    0.00000e+00

           Step           Time
          53000      106.00000

   Energies (kJ/mol)
           Bond          Angle    Proper Dih. Per. Imp. Dih.          LJ-14
    1.50918e+04    6.31071e+04    2.73594e+04    9.81049e+01    1.47368e+04
     Coulomb-14        LJ (SR)   Coulomb (SR)   Coul. recip.      Potential
   -6.72457e+03   -3.53027e+04   -2.34890e+05    1.20939e+03   -1.55315e+05
    Kinetic En.   Total Energy  Conserved En.    Temperature Pressure (bar)
    1.27632e+05   -2.76834e+04   -1.10598e+04    3.09344e+02   -1.53976e+02
   Constr. rmsd
    0.00000e+00

           Step           Time
          53500      107.00000

   Energies (kJ/mol)
           Bond          Angle    Proper Dih. Per. Imp. Dih.          LJ-14
    1.47611e+04    6.27810e+04    2.74406e+04    1.10849e+02    1.50060e+04
     Coulomb-14        LJ (SR)   Coulomb (SR)   Coul. recip.      Potential
   -6.70794e+03   -3.65299e+04   -2.34242e+05    1.23840e+03   -1.56142e+05
    Kinetic En.   Total Energy  Conserved En.    Temperature Pressure (bar)
    1.26431e+05   -2.97110e+04   -1.08571e+04    3.06434e+02   -8.94631e+01
   Constr. rmsd
    0.00000e+00

           Step           Time
          54000      108.00000

   Energies (kJ/mol)
           Bond          Angle    Proper Dih. Per. Imp. Dih.          LJ-14
    1.50649e+04    6.35076e+04    2.75990e+04    8.91152e+01    1.48466e+04
     Coulomb-14        LJ (SR)   Coulomb (SR)   Coul. recip.      Potential
   -6.62509e+03   -3.72774e+04   -2.33134e+05    1.20738e+03   -1.54722e+05
    Kinetic En.   Total Energy  Conserved En.    Temperature Pressure (bar)
    1.28407e+05   -2.63147e+04   -1.07075e+04    3.11223e+02   -3.31063e+02
   Constr. rmsd
    0.00000e+00

           Step           Time
          54500      109.00000

   Energies (kJ/mol)
           Bond          Angle    Proper Dih. Per. Imp. Dih.          LJ-14
    1.48706e+04    6.30937e+04    2.75221e+04    9.11721e+01    1.49721e+04
     Coulomb-14        LJ (SR)   Coulomb (SR)   Coul. recip.      Potential
   -6.59238e+03   -3.64742e+04   -2.33831e+05    1.17457e+03   -1.55173e+05
    Kinetic En.   Total Energy  Conserved En.    Temperature Pressure (bar)
    1.26834e+05   -2.83395e+04   -1.05915e+04    3.07410e+02   -1.38245e+02
   Constr. rmsd
    0.00000e+00

           Step           Time
          55000      110.00000

   Energies (kJ/mol)
           Bond          Angle    Proper Dih. Per. Imp. Dih.          LJ-14
    1.48336e+04    6.36919e+04    2.73893e+04    9.77329e+01    1.48417e+04
     Coulomb-14        LJ (SR)   Coulomb (SR)   Coul. recip.      Potential
   -6.60872e+03   -3.62687e+04   -2.33447e+05    1.18765e+03   -1.54282e+05
    Kinetic En.   Total Energy  Conserved En.    Temperature Pressure (bar)
    1.28000e+05   -2.62825e+04   -1.05462e+04    3.10236e+02   -1.18416e+02
   Constr. rmsd
    0.00000e+00

           Step           Time
          55500      111.00000

   Energies (kJ/mol)
           Bond          Angle    Proper Dih. Per. Imp. Dih.          LJ-14
    1.50152e+04    6.33410e+04    2.75264e+04    9.58513e+01    1.50174e+04
     Coulomb-14        LJ (SR)   Coulomb (SR)   Coul. recip.      Potential
   -6.65288e+03   -3.61780e+04   -2.33855e+05    1.21323e+03   -1.54477e+05
    Kinetic En.   Total Energy  Conserved En.    Temperature Pressure (bar)
    1.27900e+05   -2.65764e+04   -1.03119e+04    3.09995e+02    1.37866e+01
   Constr. rmsd
    0.00000e+00

           Step           Time
          56000      112.00000

   Energies (kJ/mol)
           Bond          Angle    Proper Dih. Per. Imp. Dih.          LJ-14
    1.50702e+04    6.31727e+04    2.75781e+04    9.79243e+01    1.49916e+04
     Coulomb-14        LJ (SR)   Coulomb (SR)   Coul. recip.      Potential
   -6.61901e+03   -3.64795e+04   -2.34182e+05    1.24937e+03   -1.55121e+05
    Kinetic En.   Total Energy  Conserved En.    Temperature Pressure (bar)
    1.28363e+05   -2.67586e+04   -1.01352e+04    3.11115e+02   -1.28185e+02
   Constr. rmsd
    0.00000e+00

           Step           Time
          56500      113.00000

   Energies (kJ/mol)
           Bond          Angle    Proper Dih. Per. Imp. Dih.          LJ-14
    1.50505e+04    6.35357e+04    2.76592e+04    9.09447e+01    1.49803e+04
     Coulomb-14        LJ (SR)   Coulomb (SR)   Coul. recip.      Potential
   -6.60364e+03   -3.62209e+04   -2.34535e+05    1.20041e+03   -1.54843e+05
    Kinetic En.   Total Energy  Conserved En.    Temperature Pressure (bar)
    1.27646e+05   -2.71967e+04   -9.96859e+03    3.09378e+02   -2.02172e+02
   Constr. rmsd
    0.00000e+00

           Step           Time
          57000      114.00000

   Energies (kJ/mol)
           Bond          Angle    Proper Dih. Per. Imp. Dih.          LJ-14
    1.48794e+04    6.31775e+04    2.74267e+04    1.04994e+02    1.47806e+04
     Coulomb-14        LJ (SR)   Coulomb (SR)   Coul. recip.      Potential
   -6.62962e+03   -3.59906e+04   -2.35292e+05    1.17639e+03   -1.56367e+05
    Kinetic En.   Total Energy  Conserved En.    Temperature Pressure (bar)
    1.26866e+05   -2.95005e+04   -9.84329e+03    3.07489e+02   -2.19594e+02
   Constr. rmsd
    0.00000e+00

           Step           Time
          57500      115.00000

   Energies (kJ/mol)
           Bond          Angle    Proper Dih. Per. Imp. Dih.          LJ-14
    1.47937e+04    6.33254e+04    2.76012e+04    1.09103e+02    1.48674e+04
     Coulomb-14        LJ (SR)   Coulomb (SR)   Coul. recip.      Potential
   -6.55055e+03   -3.53944e+04   -2.35909e+05    1.15800e+03   -1.55999e+05
    Kinetic En.   Total Energy  Conserved En.    Temperature Pressure (bar)
    1.28749e+05   -2.72498e+04   -9.97990e+03    3.12052e+02    8.77719e+01
   Constr. rmsd
    0.00000e+00

           Step           Time
          58000      116.00000

   Energies (kJ/mol)
           Bond          Angle    Proper Dih. Per. Imp. Dih.          LJ-14
    1.48675e+04    6.36007e+04    2.75210e+04    9.98797e+01    1.49333e+04
     Coulomb-14        LJ (SR)   Coulomb (SR)   Coul. recip.      Potential
   -6.54407e+03   -3.72741e+04   -2.33238e+05    1.18033e+03   -1.54854e+05
    Kinetic En.   Total Energy  Conserved En.    Temperature Pressure (bar)
    1.27341e+05   -2.75126e+04   -9.99746e+03    3.08640e+02   -2.99559e+02
   Constr. rmsd
    0.00000e+00

           Step           Time
          58500      117.00000

   Energies (kJ/mol)
           Bond          Angle    Proper Dih. Per. Imp. Dih.          LJ-14
    1.46661e+04    6.35697e+04    2.74811e+04    9.91347e+01    1.50201e+04
     Coulomb-14        LJ (SR)   Coulomb (SR)   Coul. recip.      Potential
   -6.57489e+03   -3.59091e+04   -2.33730e+05    1.18708e+03   -1.54191e+05
    Kinetic En.   Total Energy  Conserved En.    Temperature Pressure (bar)
    1.28363e+05   -2.58271e+04   -9.97288e+03    3.11117e+02    2.12223e+02
   Constr. rmsd
    0.00000e+00

           Step           Time
          59000      118.00000

   Energies (kJ/mol)
           Bond          Angle    Proper Dih. Per. Imp. Dih.          LJ-14
    1.48180e+04    6.29189e+04    2.73866e+04    1.02904e+02    1.49417e+04
     Coulomb-14        LJ (SR)   Coulomb (SR)   Coul. recip.      Potential
   -6.60629e+03   -3.62563e+04   -2.33723e+05    1.17938e+03   -1.55238e+05
    Kinetic En.   Total Energy  Conserved En.    Temperature Pressure (bar)
    1.27568e+05   -2.76700e+04   -9.93343e+03    3.09189e+02    2.12793e+01
   Constr. rmsd
    0.00000e+00

           Step           Time
          59500      119.00000

   Energies (kJ/mol)
           Bond          Angle    Proper Dih. Per. Imp. Dih.          LJ-14
    1.44916e+04    6.37117e+04    2.78276e+04    1.19603e+02    1.51339e+04
     Coulomb-14        LJ (SR)   Coulomb (SR)   Coul. recip.      Potential
   -6.58141e+03   -3.51312e+04   -2.35123e+05    1.19317e+03   -1.54358e+05
    Kinetic En.   Total Energy  Conserved En.    Temperature Pressure (bar)
    1.28285e+05   -2.60727e+04   -9.78731e+03    3.10928e+02    4.05064e+02
   Constr. rmsd
    0.00000e+00

           Step           Time
          60000      120.00000

   Energies (kJ/mol)
           Bond          Angle    Proper Dih. Per. Imp. Dih.          LJ-14
    1.49199e+04    6.39004e+04    2.76151e+04    1.04427e+02    1.47840e+04
     Coulomb-14        LJ (SR)   Coulomb (SR)   Coul. recip.      Potential
   -6.51703e+03   -3.60204e+04   -2.34176e+05    1.21257e+03   -1.54177e+05
    Kinetic En.   Total Energy  Conserved En.    Temperature Pressure (bar)
    1.28003e+05   -2.61744e+04   -9.98927e+03    3.10243e+02   -7.57634e+01
   Constr. rmsd
    0.00000e+00

           Step           Time
          60500      121.00000

   Energies (kJ/mol)
           Bond          Angle    Proper Dih. Per. Imp. Dih.          LJ-14
    1.46163e+04    6.36085e+04    2.77900e+04    1.03771e+02    1.50023e+04
     Coulomb-14        LJ (SR)   Coulomb (SR)   Coul. recip.      Potential
   -6.64464e+03   -3.73718e+04   -2.31666e+05    1.20208e+03   -1.53360e+05
    Kinetic En.   Total Energy  Conserved En.    Temperature Pressure (bar)
    1.28503e+05   -2.48571e+04   -9.91539e+03    3.11455e+02    2.90876e+01
   Constr. rmsd
    0.00000e+00

           Step           Time
          61000      122.00000

   Energies (kJ/mol)
           Bond          Angle    Proper Dih. Per. Imp. Dih.          LJ-14
    1.48676e+04    6.38884e+04    2.77862e+04    9.35968e+01    1.50707e+04
     Coulomb-14        LJ (SR)   Coulomb (SR)   Coul. recip.      Potential
   -6.61508e+03   -3.65903e+04   -2.33028e+05    1.21915e+03   -1.53308e+05
    Kinetic En.   Total Energy  Conserved En.    Temperature Pressure (bar)
    1.28399e+05   -2.49084e+04   -9.72127e+03    3.11204e+02    2.39407e+02
   Constr. rmsd
    0.00000e+00

           Step           Time
          61500      123.00000

   Energies (kJ/mol)
           Bond          Angle    Proper Dih. Per. Imp. Dih.          LJ-14
    1.47395e+04    6.33984e+04    2.76815e+04    9.23017e+01    1.50352e+04
     Coulomb-14        LJ (SR)   Coulomb (SR)   Coul. recip.      Potential
   -6.65010e+03   -3.63388e+04   -2.33457e+05    1.17180e+03   -1.54327e+05
    Kinetic En.   Total Energy  Conserved En.    Temperature Pressure (bar)
    1.28773e+05   -2.55538e+04   -9.86467e+03    3.12111e+02    6.19058e+01
   Constr. rmsd
    0.00000e+00

           Step           Time
          62000      124.00000

   Energies (kJ/mol)
           Bond          Angle    Proper Dih. Per. Imp. Dih.          LJ-14
    1.54268e+04    6.29303e+04    2.74561e+04    1.17677e+02    1.49131e+04
     Coulomb-14        LJ (SR)   Coulomb (SR)   Coul. recip.      Potential
   -6.57936e+03   -3.57565e+04   -2.33829e+05    1.22700e+03   -1.54094e+05
    Kinetic En.   Total Energy  Conserved En.    Temperature Pressure (bar)
    1.28065e+05   -2.60295e+04   -9.79859e+03    3.10393e+02   -3.85339e+02
   Constr. rmsd
    0.00000e+00

           Step           Time
          62500      125.00000

   Energies (kJ/mol)
           Bond          Angle    Proper Dih. Per. Imp. Dih.          LJ-14
    1.48361e+04    6.41257e+04    2.76236e+04    9.17785e+01    1.50922e+04
     Coulomb-14        LJ (SR)   Coulomb (SR)   Coul. recip.      Potential
   -6.62207e+03   -3.63365e+04   -2.33406e+05    1.16480e+03   -1.53430e+05
    Kinetic En.   Total Energy  Conserved En.    Temperature Pressure (bar)
    1.29074e+05   -2.43564e+04   -9.83237e+03    3.12840e+02    2.30781e+02
   Constr. rmsd
    0.00000e+00

           Step           Time
          63000      126.00000

   Energies (kJ/mol)
           Bond          Angle    Proper Dih. Per. Imp. Dih.          LJ-14
    1.48267e+04    6.33910e+04    2.73712e+04    8.50822e+01    1.48620e+04
     Coulomb-14        LJ (SR)   Coulomb (SR)   Coul. recip.      Potential
   -6.55901e+03   -3.61889e+04   -2.33912e+05    1.16022e+03   -1.54964e+05
    Kinetic En.   Total Energy  Conserved En.    Temperature Pressure (bar)
    1.27509e+05   -2.74554e+04   -9.83304e+03    3.09046e+02   -5.11119e+01
   Constr. rmsd
    0.00000e+00

           Step           Time
          63500      127.00000

   Energies (kJ/mol)
           Bond          Angle    Proper Dih. Per. Imp. Dih.          LJ-14
    1.47605e+04    6.37300e+04    2.73655e+04    9.92423e+01    1.50231e+04
     Coulomb-14        LJ (SR)   Coulomb (SR)   Coul. recip.      Potential
   -6.60974e+03   -3.63141e+04   -2.34203e+05    1.19102e+03   -1.54958e+05
    Kinetic En.   Total Energy  Conserved En.    Temperature Pressure (bar)
    1.27442e+05   -2.75159e+04   -9.76977e+03    3.08884e+02   -8.00243e+00
   Constr. rmsd
    0.00000e+00

           Step           Time
          64000      128.00000

   Energies (kJ/mol)
           Bond          Angle    Proper Dih. Per. Imp. Dih.          LJ-14
    1.53003e+04    6.36870e+04    2.72649e+04    9.15241e+01    1.49491e+04
     Coulomb-14        LJ (SR)   Coulomb (SR)   Coul. recip.      Potential
   -6.54046e+03   -3.60310e+04   -2.33533e+05    1.18344e+03   -1.53628e+05
    Kinetic En.   Total Energy  Conserved En.    Temperature Pressure (bar)
    1.29678e+05   -2.39506e+04   -9.71746e+03    3.14302e+02   -1.84101e+02
   Constr. rmsd
    0.00000e+00

           Step           Time
          64500      129.00000

   Energies (kJ/mol)
           Bond          Angle    Proper Dih. Per. Imp. Dih.          LJ-14
    1.49362e+04    6.28322e+04    2.75328e+04    1.09694e+02    1.51272e+04
     Coulomb-14        LJ (SR)   Coulomb (SR)   Coul. recip.      Potential
   -6.56147e+03   -3.63302e+04   -2.34101e+05    1.19460e+03   -1.55260e+05
    Kinetic En.   Total Energy  Conserved En.    Temperature Pressure (bar)
    1.27509e+05   -2.77510e+04   -9.73394e+03    3.09046e+02    1.53295e+02
   Constr. rmsd
    0.00000e+00

           Step           Time
          65000      130.00000

   Energies (kJ/mol)
           Bond          Angle    Proper Dih. Per. Imp. Dih.          LJ-14
    1.50081e+04    6.35702e+04    2.76040e+04    1.02134e+02    1.50911e+04
     Coulomb-14        LJ (SR)   Coulomb (SR)   Coul. recip.      Potential
   -6.57216e+03   -3.58849e+04   -2.34282e+05    1.18132e+03   -1.54182e+05
    Kinetic En.   Total Energy  Conserved En.    Temperature Pressure (bar)
    1.27868e+05   -2.63141e+04   -9.60367e+03    3.09917e+02    2.02538e+02
   Constr. rmsd
    0.00000e+00

           Step           Time
          65500      131.00000

   Energies (kJ/mol)
           Bond          Angle    Proper Dih. Per. Imp. Dih.          LJ-14
    1.50824e+04    6.38835e+04    2.74303e+04    9.36381e+01    1.48184e+04
     Coulomb-14        LJ (SR)   Coulomb (SR)   Coul. recip.      Potential
   -6.55887e+03   -3.58591e+04   -2.33576e+05    1.17538e+03   -1.53510e+05
    Kinetic En.   Total Energy  Conserved En.    Temperature Pressure (bar)
    1.28849e+05   -2.46611e+04   -9.67069e+03    3.12293e+02    8.78071e+00
   Constr. rmsd
    0.00000e+00

           Step           Time
          66000      132.00000

   Energies (kJ/mol)
           Bond          Angle    Proper Dih. Per. Imp. Dih.          LJ-14
    1.51232e+04    6.34801e+04    2.76386e+04    9.56851e+01    1.49689e+04
     Coulomb-14        LJ (SR)   Coulomb (SR)   Coul. recip.      Potential
   -6.55577e+03   -3.60852e+04   -2.34278e+05    1.13124e+03   -1.54482e+05
    Kinetic En.   Total Energy  Conserved En.    Temperature Pressure (bar)
    1.27575e+05   -2.69064e+04   -9.57903e+03    3.09207e+02    4.31784e+01
   Constr. rmsd
    0.00000e+00

           Step           Time
          66500      133.00000

   Energies (kJ/mol)
           Bond          Angle    Proper Dih. Per. Imp. Dih.          LJ-14
    1.50536e+04    6.27033e+04    2.75723e+04    1.05931e+02    1.49216e+04
     Coulomb-14        LJ (SR)   Coulomb (SR)   Coul. recip.      Potential
   -6.48398e+03   -3.62923e+04   -2.34184e+05    1.18388e+03   -1.55420e+05
    Kinetic En.   Total Energy  Conserved En.    Temperature Pressure (bar)
    1.27794e+05   -2.76260e+04   -9.51602e+03    3.09736e+02   -7.17992e+00
   Constr. rmsd
    0.00000e+00

           Step           Time
          67000      134.00000

   Energies (kJ/mol)
           Bond          Angle    Proper Dih. Per. Imp. Dih.          LJ-14
    1.49870e+04    6.30322e+04    2.73625e+04    1.13171e+02    1.48156e+04
     Coulomb-14        LJ (SR)   Coulomb (SR)   Coul. recip.      Potential
   -6.55413e+03   -3.62480e+04   -2.34143e+05    1.20431e+03   -1.55430e+05
    Kinetic En.   Total Energy  Conserved En.    Temperature Pressure (bar)
    1.28304e+05   -2.71257e+04   -9.34269e+03    3.10974e+02   -4.15016e+02
   Constr. rmsd
    0.00000e+00

           Step           Time
          67500      135.00000

   Energies (kJ/mol)
           Bond          Angle    Proper Dih. Per. Imp. Dih.          LJ-14
    1.49770e+04    6.32147e+04    2.75099e+04    1.07171e+02    1.50133e+04
     Coulomb-14        LJ (SR)   Coulomb (SR)   Coul. recip.      Potential
   -6.60390e+03   -3.67195e+04   -2.33204e+05    1.14861e+03   -1.54556e+05
    Kinetic En.   Total Energy  Conserved En.    Temperature Pressure (bar)
    1.29184e+05   -2.53726e+04   -9.29786e+03    3.13105e+02    9.94732e+01
   Constr. rmsd
    0.00000e+00

           Step           Time
          68000      136.00000

   Energies (kJ/mol)
           Bond          Angle    Proper Dih. Per. Imp. Dih.          LJ-14
    1.50778e+04    6.39971e+04    2.74756e+04    1.00101e+02    1.50015e+04
     Coulomb-14        LJ (SR)   Coulomb (SR)   Coul. recip.      Potential
   -6.58477e+03   -3.63846e+04   -2.33819e+05    1.14707e+03   -1.53990e+05
    Kinetic En.   Total Energy  Conserved En.    Temperature Pressure (bar)
    1.27281e+05   -2.67090e+04   -9.34419e+03    3.08493e+02    1.01865e+02
   Constr. rmsd
    0.00000e+00

           Step           Time
          68500      137.00000

   Energies (kJ/mol)
           Bond          Angle    Proper Dih. Per. Imp. Dih.          LJ-14
    1.48809e+04    6.32786e+04    2.74974e+04    9.94643e+01    1.48194e+04
     Coulomb-14        LJ (SR)   Coulomb (SR)   Coul. recip.      Potential
   -6.48605e+03   -3.68295e+04   -2.33493e+05    1.23467e+03   -1.54998e+05
    Kinetic En.   Total Energy  Conserved En.    Temperature Pressure (bar)
    1.27731e+05   -2.72672e+04   -9.29494e+03    3.09584e+02   -2.70344e+02
   Constr. rmsd
    0.00000e+00

           Step           Time
          69000      138.00000

   Energies (kJ/mol)
           Bond          Angle    Proper Dih. Per. Imp. Dih.          LJ-14
    1.48440e+04    6.35481e+04    2.75792e+04    1.04269e+02    1.51125e+04
     Coulomb-14        LJ (SR)   Coulomb (SR)   Coul. recip.      Potential
   -6.48354e+03   -3.75253e+04   -2.32160e+05    1.21173e+03   -1.53769e+05
    Kinetic En.   Total Energy  Conserved En.    Temperature Pressure (bar)
    1.28963e+05   -2.48062e+04   -9.19577e+03    3.12570e+02    1.83618e+02
   Constr. rmsd
    0.00000e+00

           Step           Time
          69500      139.00000

   Energies (kJ/mol)
           Bond          Angle    Proper Dih. Per. Imp. Dih.          LJ-14
    1.48875e+04    6.30265e+04    2.73467e+04    9.24371e+01    1.49653e+04
     Coulomb-14        LJ (SR)   Coulomb (SR)   Coul. recip.      Potential
   -6.64985e+03   -3.64640e+04   -2.34024e+05    1.15459e+03   -1.55665e+05
    Kinetic En.   Total Energy  Conserved En.    Temperature Pressure (bar)
    1.27686e+05   -2.79793e+04   -9.07642e+03    3.09475e+02   -1.49033e+02
   Constr. rmsd
    0.00000e+00

           Step           Time
          70000      140.00000

   Energies (kJ/mol)
           Bond          Angle    Proper Dih. Per. Imp. Dih.          LJ-14
    1.52429e+04    6.31753e+04    2.74883e+04    1.02398e+02    1.49134e+04
     Coulomb-14        LJ (SR)   Coulomb (SR)   Coul. recip.      Potential
   -6.60801e+03   -3.64030e+04   -2.34430e+05    1.21599e+03   -1.55303e+05
    Kinetic En.   Total Energy  Conserved En.    Temperature Pressure (bar)
    1.27773e+05   -2.75300e+04   -8.91724e+03    3.09686e+02   -2.76346e+02
   Constr. rmsd
    0.00000e+00

           Step           Time
          70500      141.00000

   Energies (kJ/mol)
           Bond          Angle    Proper Dih. Per. Imp. Dih.          LJ-14
    1.51098e+04    6.34801e+04    2.77438e+04    1.05315e+02    1.51175e+04
     Coulomb-14        LJ (SR)   Coulomb (SR)   Coul. recip.      Potential
   -6.58838e+03   -3.66357e+04   -2.34092e+05    1.20074e+03   -1.54559e+05
    Kinetic En.   Total Energy  Conserved En.    Temperature Pressure (bar)
    1.28758e+05   -2.58013e+04   -8.74491e+03    3.12073e+02    4.16315e+01
   Constr. rmsd
    0.00000e+00

           Step           Time
          71000      142.00000

   Energies (kJ/mol)
           Bond          Angle    Proper Dih. Per. Imp. Dih.          LJ-14
    1.50464e+04    6.39394e+04    2.74890e+04    9.75102e+01    1.49495e+04
     Coulomb-14        LJ (SR)   Coulomb (SR)   Coul. recip.      Potential
   -6.50388e+03   -3.64471e+04   -2.33685e+05    1.15784e+03   -1.53956e+05
    Kinetic En.   Total Energy  Conserved En.    Temperature Pressure (bar)
    1.27426e+05   -2.65298e+04   -8.74882e+03    3.08846e+02    9.48753e+00
   Constr. rmsd
    0.00000e+00

           Step           Time
          71500      143.00000

   Energies (kJ/mol)
           Bond          Angle    Proper Dih. Per. Imp. Dih.          LJ-14
    1.52555e+04    6.36727e+04    2.75259e+04    9.90754e+01    1.50384e+04
     Coulomb-14        LJ (SR)   Coulomb (SR)   Coul. recip.      Potential
   -6.52702e+03   -3.60384e+04   -2.34508e+05    1.14581e+03   -1.54336e+05
    Kinetic En.   Total Energy  Conserved En.    Temperature Pressure (bar)
    1.28300e+05   -2.60363e+04   -8.78125e+03    3.10963e+02   -1.18198e+02
   Constr. rmsd
    0.00000e+00

           Step           Time
          72000      144.00000

   Energies (kJ/mol)
           Bond          Angle    Proper Dih. Per. Imp. Dih.          LJ-14
    1.51181e+04    6.33601e+04    2.75573e+04    8.46805e+01    1.50266e+04
     Coulomb-14        LJ (SR)   Coulomb (SR)   Coul. recip.      Potential
   -6.49459e+03   -3.62960e+04   -2.34537e+05    1.24110e+03   -1.54940e+05
    Kinetic En.   Total Energy  Conserved En.    Temperature Pressure (bar)
    1.28739e+05   -2.62007e+04   -8.91487e+03    3.12028e+02    2.13291e+01
   Constr. rmsd
    0.00000e+00

           Step           Time
          72500      145.00000

   Energies (kJ/mol)
           Bond          Angle    Proper Dih. Per. Imp. Dih.          LJ-14
    1.49138e+04    6.32127e+04    2.76607e+04    8.51519e+01    1.51138e+04
     Coulomb-14        LJ (SR)   Coulomb (SR)   Coul. recip.      Potential
   -6.41470e+03   -3.65402e+04   -2.34294e+05    1.12966e+03   -1.55133e+05
    Kinetic En.   Total Energy  Conserved En.    Temperature Pressure (bar)
    1.27140e+05   -2.79934e+04   -8.85028e+03    3.08152e+02    1.04176e+02
   Constr. rmsd
    0.00000e+00

           Step           Time
          73000      146.00000

   Energies (kJ/mol)
           Bond          Angle    Proper Dih. Per. Imp. Dih.          LJ-14
    1.53765e+04    6.34919e+04    2.76341e+04    1.10655e+02    1.49413e+04
     Coulomb-14        LJ (SR)   Coulomb (SR)   Coul. recip.      Potential
   -6.49601e+03   -3.63927e+04   -2.33651e+05    1.15758e+03   -1.53828e+05
    Kinetic En.   Total Energy  Conserved En.    Temperature Pressure (bar)
    1.29616e+05   -2.42116e+04   -8.69838e+03    3.14153e+02   -4.03246e+02
   Constr. rmsd
    0.00000e+00

           Step           Time
          73500      147.00000

   Energies (kJ/mol)
           Bond          Angle    Proper Dih. Per. Imp. Dih.          LJ-14
    1.48921e+04    6.31032e+04    2.75514e+04    1.10989e+02    1.49565e+04
     Coulomb-14        LJ (SR)   Coulomb (SR)   Coul. recip.      Potential
   -6.57392e+03   -3.67146e+04   -2.33958e+05    1.18291e+03   -1.55449e+05
    Kinetic En.   Total Energy  Conserved En.    Temperature Pressure (bar)
    1.27991e+05   -2.74590e+04   -8.66268e+03    3.10213e+02   -6.15266e+01
   Constr. rmsd
    0.00000e+00

           Step           Time
          74000      148.00000

   Energies (kJ/mol)
           Bond          Angle    Proper Dih. Per. Imp. Dih.          LJ-14
    1.50607e+04    6.36066e+04    2.72893e+04    9.76741e+01    1.49948e+04
     Coulomb-14        LJ (SR)   Coulomb (SR)   Coul. recip.      Potential
   -6.55195e+03   -3.62847e+04   -2.33797e+05    1.20122e+03   -1.54383e+05
    Kinetic En.   Total Energy  Conserved En.    Temperature Pressure (bar)
    1.28215e+05   -2.61688e+04   -8.68566e+03    3.10757e+02   -2.68941e+02
   Constr. rmsd
    0.00000e+00

           Step           Time
          74500      149.00000

   Energies (kJ/mol)
           Bond          Angle    Proper Dih. Per. Imp. Dih.          LJ-14
    1.46923e+04    6.36087e+04    2.74249e+04    9.49170e+01    1.48866e+04
     Coulomb-14        LJ (SR)   Coulomb (SR)   Coul. recip.      Potential
   -6.53320e+03   -3.66560e+04   -2.33789e+05    1.20300e+03   -1.55068e+05
    Kinetic En.   Total Energy  Conserved En.    Temperature Pressure (bar)
    1.26992e+05   -2.80762e+04   -8.58532e+03    3.07793e+02    2.10578e+02
   Constr. rmsd
    0.00000e+00

           Step           Time
          75000      150.00000

   Energies (kJ/mol)
           Bond          Angle    Proper Dih. Per. Imp. Dih.          LJ-14
    1.49264e+04    6.30489e+04    2.75800e+04    9.42556e+01    1.49987e+04
     Coulomb-14        LJ (SR)   Coulomb (SR)   Coul. recip.      Potential
   -6.60292e+03   -3.65986e+04   -2.33140e+05    1.20125e+03   -1.54492e+05
    Kinetic En.   Total Energy  Conserved En.    Temperature Pressure (bar)
    1.27115e+05   -2.73767e+04   -8.37922e+03    3.08092e+02    2.42235e+01
   Constr. rmsd
    0.00000e+00

           Step           Time
          75500      151.00000

   Energies (kJ/mol)
           Bond          Angle    Proper Dih. Per. Imp. Dih.          LJ-14
    1.51031e+04    6.38970e+04    2.75767e+04    8.05129e+01    1.49353e+04
     Coulomb-14        LJ (SR)   Coulomb (SR)   Coul. recip.      Potential
   -6.58145e+03   -3.70674e+04   -2.32430e+05    1.20326e+03   -1.53283e+05
    Kinetic En.   Total Energy  Conserved En.    Temperature Pressure (bar)
    1.27977e+05   -2.53059e+04   -8.25349e+03    3.10181e+02   -1.80138e+02
   Constr. rmsd
    0.00000e+00

           Step           Time
          76000      152.00000

   Energies (kJ/mol)
           Bond          Angle    Proper Dih. Per. Imp. Dih.          LJ-14
    1.50813e+04    6.30801e+04    2.75093e+04    1.05473e+02    1.50273e+04
     Coulomb-14        LJ (SR)   Coulomb (SR)   Coul. recip.      Potential
   -6.58549e+03   -3.57483e+04   -2.34203e+05    1.18308e+03   -1.54550e+05
    Kinetic En.   Total Energy  Conserved En.    Temperature Pressure (bar)
    1.27094e+05   -2.74561e+04   -8.06052e+03    3.08040e+02    7.04561e+01
   Constr. rmsd
    0.00000e+00

           Step           Time
          76500      153.00000

   Energies (kJ/mol)
           Bond          Angle    Proper Dih. Per. Imp. Dih.          LJ-14
    1.48747e+04    6.40874e+04    2.76138e+04    1.14706e+02    1.49335e+04
     Coulomb-14        LJ (SR)   Coulomb (SR)   Coul. recip.      Potential
   -6.56978e+03   -3.61677e+04   -2.34122e+05    1.15256e+03   -1.54083e+05
    Kinetic En.   Total Energy  Conserved En.    Temperature Pressure (bar)
    1.27617e+05   -2.64659e+04   -8.02420e+03    3.09308e+02   -1.20476e+02
   Constr. rmsd
    0.00000e+00

           Step           Time
          77000      154.00000

   Energies (kJ/mol)
           Bond          Angle    Proper Dih. Per. Imp. Dih.          LJ-14
    1.50292e+04    6.36464e+04    2.74370e+04    8.14026e+01    1.50597e+04
     Coulomb-14        LJ (SR)   Coulomb (SR)   Coul. recip.      Potential
   -6.58919e+03   -3.61754e+04   -2.33986e+05    1.22273e+03   -1.54274e+05
    Kinetic En.   Total Energy  Conserved En.    Temperature Pressure (bar)
    1.28268e+05   -2.60061e+04   -8.18067e+03    3.10885e+02    5.03085e+01
   Constr. rmsd
    0.00000e+00

           Step           Time
          77500      155.00000

   Energies (kJ/mol)
           Bond          Angle    Proper Dih. Per. Imp. Dih.          LJ-14
    1.48640e+04    6.39339e+04    2.75784e+04    1.03006e+02    1.49577e+04
     Coulomb-14        LJ (SR)   Coulomb (SR)   Coul. recip.      Potential
   -6.58952e+03   -3.65468e+04   -2.33351e+05    1.15761e+03   -1.53892e+05
    Kinetic En.   Total Energy  Conserved En.    Temperature Pressure (bar)
    1.28076e+05   -2.58162e+04   -7.98480e+03    3.10421e+02    2.06534e+02
   Constr. rmsd
    0.00000e+00

           Step           Time
          78000      156.00000

   Energies (kJ/mol)
           Bond          Angle    Proper Dih. Per. Imp. Dih.          LJ-14
    1.50019e+04    6.33052e+04    2.75584e+04    1.13924e+02    1.49269e+04
     Coulomb-14        LJ (SR)   Coulomb (SR)   Coul. recip.      Potential
   -6.54925e+03   -3.63492e+04   -2.33724e+05    1.18673e+03   -1.54529e+05
    Kinetic En.   Total Energy  Conserved En.    Temperature Pressure (bar)
    1.29600e+05   -2.49296e+04   -7.99995e+03    3.14114e+02   -5.37773e+01
   Constr. rmsd
    0.00000e+00

           Step           Time
          78500      157.00000

   Energies (kJ/mol)
           Bond          Angle    Proper Dih. Per. Imp. Dih.          LJ-14
    1.48142e+04    6.42447e+04    2.76020e+04    9.87496e+01    1.51244e+04
     Coulomb-14        LJ (SR)   Coulomb (SR)   Coul. recip.      Potential
   -6.58265e+03   -3.59377e+04   -2.33309e+05    1.20225e+03   -1.52743e+05
    Kinetic En.   Total Energy  Conserved En.    Temperature Pressure (bar)
    1.28387e+05   -2.43559e+04   -7.90415e+03    3.11175e+02    2.17653e+02
   Constr. rmsd
    0.00000e+00

           Step           Time
          79000      158.00000

   Energies (kJ/mol)
           Bond          Angle    Proper Dih. Per. Imp. Dih.          LJ-14
    1.48865e+04    6.26197e+04    2.75862e+04    8.90874e+01    1.47613e+04
     Coulomb-14        LJ (SR)   Coulomb (SR)   Coul. recip.      Potential
   -6.47821e+03   -3.66661e+04   -2.34200e+05    1.21793e+03   -1.56183e+05
    Kinetic En.   Total Energy  Conserved En.    Temperature Pressure (bar)
    1.27387e+05   -2.87962e+04   -7.96137e+03    3.08751e+02   -4.23597e+02
   Constr. rmsd
    0.00000e+00

           Step           Time
          79500      159.00000

   Energies (kJ/mol)
           Bond          Angle    Proper Dih. Per. Imp. Dih.          LJ-14
    1.48098e+04    6.42973e+04    2.74497e+04    1.24996e+02    1.50563e+04
     Coulomb-14        LJ (SR)   Coulomb (SR)   Coul. recip.      Potential
   -6.53471e+03   -3.60915e+04   -2.34314e+05    1.20136e+03   -1.54001e+05
    Kinetic En.   Total Energy  Conserved En.    Temperature Pressure (bar)
    1.28629e+05   -2.53719e+04   -7.83597e+03    3.11761e+02    1.30944e+02
   Constr. rmsd
    0.00000e+00

           Step           Time
          80000      160.00000

   Energies (kJ/mol)
           Bond          Angle    Proper Dih. Per. Imp. Dih.          LJ-14
    1.49236e+04    6.39519e+04    2.72943e+04    1.02332e+02    1.49937e+04
     Coulomb-14        LJ (SR)   Coulomb (SR)   Coul. recip.      Potential
   -6.53720e+03   -3.54117e+04   -2.34738e+05    1.17806e+03   -1.54243e+05
    Kinetic En.   Total Energy  Conserved En.    Temperature Pressure (bar)
    1.28502e+05   -2.57406e+04   -8.01857e+03    3.11454e+02    4.17555e+02
   Constr. rmsd
    0.00000e+00

           Step           Time
          80500      161.00000

   Energies (kJ/mol)
           Bond          Angle    Proper Dih. Per. Imp. Dih.          LJ-14
    1.48845e+04    6.28226e+04    2.78856e+04    1.13758e+02    1.48875e+04
     Coulomb-14        LJ (SR)   Coulomb (SR)   Coul. recip.      Potential
   -6.52438e+03   -3.62985e+04   -2.34262e+05    1.14293e+03   -1.55348e+05
    Kinetic En.   Total Energy  Conserved En.    Temperature Pressure (bar)
    1.28683e+05   -2.66643e+04   -7.85209e+03    3.11893e+02   -8.86871e+01
   Constr. rmsd
    0.00000e+00

           Step           Time
          81000      162.00000

   Energies (kJ/mol)
           Bond          Angle    Proper Dih. Per. Imp. Dih.          LJ-14
    1.47720e+04    6.36802e+04    2.76543e+04    8.74897e+01    1.49575e+04
     Coulomb-14        LJ (SR)   Coulomb (SR)   Coul. recip.      Potential
   -6.47205e+03   -3.65586e+04   -2.33890e+05    1.16248e+03   -1.54607e+05
    Kinetic En.   Total Energy  Conserved En.    Temperature Pressure (bar)
    1.28157e+05   -2.64498e+04   -7.86772e+03    3.10616e+02   -3.38409e+01
   Constr. rmsd
    0.00000e+00

           Step           Time
          81500      163.00000

   Energies (kJ/mol)
           Bond          Angle    Proper Dih. Per. Imp. Dih.          LJ-14
    1.49073e+04    6.32690e+04    2.74484e+04    1.04372e+02    1.49662e+04
     Coulomb-14        LJ (SR)   Coulomb (SR)   Coul. recip.      Potential
   -6.56284e+03   -3.69655e+04   -2.33646e+05    1.20093e+03   -1.55279e+05
    Kinetic En.   Total Energy  Conserved En.    Temperature Pressure (bar)
    1.28088e+05   -2.71908e+04   -7.49769e+03    3.10449e+02    1.04253e+02
   Constr. rmsd
    0.00000e+00

           Step           Time
          82000      164.00000

   Energies (kJ/mol)
           Bond          Angle    Proper Dih. Per. Imp. Dih.          LJ-14
    1.51397e+04    6.36808e+04    2.73862e+04    1.19882e+02    1.49125e+04
     Coulomb-14        LJ (SR)   Coulomb (SR)   Coul. recip.      Potential
   -6.55899e+03   -3.67971e+04   -2.33507e+05    1.10840e+03   -1.54516e+05
    Kinetic En.   Total Energy  Conserved En.    Temperature Pressure (bar)
    1.28663e+05   -2.58526e+04   -7.39358e+03    3.11844e+02   -3.47708e+02
   Constr. rmsd
    0.00000e+00

           Step           Time
          82500      165.00000

   Energies (kJ/mol)
           Bond          Angle    Proper Dih. Per. Imp. Dih.          LJ-14
    1.52399e+04    6.35160e+04    2.76032e+04    1.13083e+02    1.51197e+04
     Coulomb-14        LJ (SR)   Coulomb (SR)   Coul. recip.      Potential
   -6.42722e+03   -3.62377e+04   -2.34393e+05    1.14619e+03   -1.54320e+05
    Kinetic En.   Total Energy  Conserved En.    Temperature Pressure (bar)
    1.27220e+05   -2.70991e+04   -7.19239e+03    3.08347e+02    1.57586e+02
   Constr. rmsd
    0.00000e+00

           Step           Time
          83000      166.00000

   Energies (kJ/mol)
           Bond          Angle    Proper Dih. Per. Imp. Dih.          LJ-14
    1.48161e+04    6.32880e+04    2.73529e+04    9.58007e+01    1.50671e+04
     Coulomb-14        LJ (SR)   Coulomb (SR)   Coul. recip.      Potential
   -6.47197e+03   -3.67244e+04   -2.34703e+05    1.16572e+03   -1.56114e+05
    Kinetic En.   Total Energy  Conserved En.    Temperature Pressure (bar)
    1.28607e+05   -2.75075e+04   -7.25233e+03    3.11706e+02    2.07798e+02
   Constr. rmsd
    0.00000e+00

           Step           Time
          83500      167.00000

   Energies (kJ/mol)
           Bond          Angle    Proper Dih. Per. Imp. Dih.          LJ-14
    1.50184e+04    6.43551e+04    2.74175e+04    1.04915e+02    1.50721e+04
     Coulomb-14        LJ (SR)   Coulomb (SR)   Coul. recip.      Potential
   -6.45631e+03   -3.67148e+04   -2.33926e+05    1.14901e+03   -1.53981e+05
    Kinetic En.   Total Energy  Conserved En.    Temperature Pressure (bar)
    1.28039e+05   -2.59413e+04   -7.12939e+03    3.10332e+02    1.45844e+02
   Constr. rmsd
    0.00000e+00

           Step           Time
          84000      168.00000

   Energies (kJ/mol)
           Bond          Angle    Proper Dih. Per. Imp. Dih.          LJ-14
    1.49316e+04    6.35949e+04    2.73428e+04    1.06152e+02    1.48977e+04
     Coulomb-14        LJ (SR)   Coulomb (SR)   Coul. recip.      Potential
   -6.57309e+03   -3.58780e+04   -2.34273e+05    1.18263e+03   -1.54669e+05
    Kinetic En.   Total Energy  Conserved En.    Temperature Pressure (bar)
    1.29076e+05   -2.55931e+04   -7.45462e+03    3.12844e+02   -6.30938e+01
   Constr. rmsd
    0.00000e+00

           Step           Time
          84500      169.00000

   Energies (kJ/mol)
           Bond          Angle    Proper Dih. Per. Imp. Dih.          LJ-14
    1.50131e+04    6.33421e+04    2.72743e+04    1.19723e+02    1.49697e+04
     Coulomb-14        LJ (SR)   Coulomb (SR)   Coul. recip.      Potential
   -6.58815e+03   -3.63275e+04   -2.33533e+05    1.15312e+03   -1.54577e+05
    Kinetic En.   Total Energy  Conserved En.    Temperature Pressure (bar)
    1.27081e+05   -2.74960e+04   -7.48977e+03    3.08009e+02   -1.00746e+02
   Constr. rmsd
    0.00000e+00

           Step           Time
          85000      170.00000

   Energies (kJ/mol)
           Bond          Angle    Proper Dih. Per. Imp. Dih.          LJ-14
    1.46091e+04    6.38208e+04    2.73602e+04    8.73208e+01    1.49337e+04
     Coulomb-14        LJ (SR)   Coulomb (SR)   Coul. recip.      Potential
   -6.59637e+03   -3.64114e+04   -2.33723e+05    1.21195e+03   -1.54708e+05
    Kinetic En.   Total Energy  Conserved En.    Temperature Pressure (bar)
    1.28279e+05   -2.64289e+04   -7.54617e+03    3.10912e+02   -9.06075e+01
   Constr. rmsd
    0.00000e+00

           Step           Time
          85500      171.00000

   Energies (kJ/mol)
           Bond          Angle    Proper Dih. Per. Imp. Dih.          LJ-14
    1.48871e+04    6.31665e+04    2.72750e+04    1.03912e+02    1.50365e+04
     Coulomb-14        LJ (SR)   Coulomb (SR)   Coul. recip.      Potential
   -6.58419e+03   -3.59320e+04   -2.35122e+05    1.16976e+03   -1.55999e+05
    Kinetic En.   Total Energy  Conserved En.    Temperature Pressure (bar)
    1.28867e+05   -2.71325e+04   -7.59917e+03    3.12337e+02    1.16918e+02
   Constr. rmsd
    0.00000e+00

           Step           Time
          86000      172.00000

   Energies (kJ/mol)
           Bond          Angle    Proper Dih. Per. Imp. Dih.          LJ-14
    1.46194e+04    6.29309e+04    2.73639e+04    1.12303e+02    1.50537e+04
     Coulomb-14        LJ (SR)   Coulomb (SR)   Coul. recip.      Potential
   -6.49474e+03   -3.61630e+04   -2.34228e+05    1.20018e+03   -1.55605e+05
    Kinetic En.   Total Energy  Conserved En.    Temperature Pressure (bar)
    1.27252e+05   -2.83535e+04   -7.53342e+03    3.08422e+02    1.54962e+02
   Constr. rmsd
    0.00000e+00

           Step           Time
          86500      173.00000

   Energies (kJ/mol)
           Bond          Angle    Proper Dih. Per. Imp. Dih.          LJ-14
    1.48553e+04    6.41896e+04    2.73999e+04    1.07507e+02    1.49434e+04
     Coulomb-14        LJ (SR)   Coulomb (SR)   Coul. recip.      Potential
   -6.42089e+03   -3.63759e+04   -2.34168e+05    1.14230e+03   -1.54327e+05
    Kinetic En.   Total Energy  Conserved En.    Temperature Pressure (bar)
    1.29008e+05   -2.53190e+04   -7.47600e+03    3.12680e+02   -8.75006e+01
   Constr. rmsd
    0.00000e+00

           Step           Time
          87000      174.00000

   Energies (kJ/mol)
           Bond          Angle    Proper Dih. Per. Imp. Dih.          LJ-14
    1.51088e+04    6.39913e+04    2.74789e+04    1.12842e+02    1.49111e+04
     Coulomb-14        LJ (SR)   Coulomb (SR)   Coul. recip.      Potential
   -6.57516e+03   -3.70128e+04   -2.33729e+05    1.16759e+03   -1.54546e+05
    Kinetic En.   Total Energy  Conserved En.    Temperature Pressure (bar)
    1.28703e+05   -2.58436e+04   -7.57826e+03    3.11939e+02   -1.55471e+02
   Constr. rmsd
    0.00000e+00

           Step           Time
          87500      175.00000

   Energies (kJ/mol)
           Bond          Angle    Proper Dih. Per. Imp. Dih.          LJ-14
    1.50665e+04    6.28910e+04    2.73155e+04    1.05266e+02    1.49050e+04
     Coulomb-14        LJ (SR)   Coulomb (SR)   Coul. recip.      Potential
   -6.52292e+03   -3.57890e+04   -2.35392e+05    1.23588e+03   -1.56185e+05
    Kinetic En.   Total Energy  Conserved En.    Temperature Pressure (bar)
    1.26545e+05   -2.96402e+04   -7.56795e+03    3.06709e+02   -1.32729e+02
   Constr. rmsd
    0.00000e+00

           Step           Time
          88000      176.00000

   Energies (kJ/mol)
           Bond          Angle    Proper Dih. Per. Imp. Dih.          LJ-14
    1.52336e+04    6.37538e+04    2.74727e+04    1.12110e+02    1.50141e+04
     Coulomb-14        LJ (SR)   Coulomb (SR)   Coul. recip.      Potential
   -6.61122e+03   -3.56150e+04   -2.34750e+05    1.18003e+03   -1.54210e+05
    Kinetic En.   Total Energy  Conserved En.    Temperature Pressure (bar)
    1.28225e+05   -2.59843e+04   -7.57825e+03    3.10783e+02    2.99678e+01
   Constr. rmsd
    0.00000e+00

           Step           Time
          88500      177.00000

   Energies (kJ/mol)
           Bond          Angle    Proper Dih. Per. Imp. Dih.          LJ-14
    1.50072e+04    6.36269e+04    2.74065e+04    8.59012e+01    1.50069e+04
     Coulomb-14        LJ (SR)   Coulomb (SR)   Coul. recip.      Potential
   -6.53330e+03   -3.64292e+04   -2.33848e+05    1.20401e+03   -1.54473e+05
    Kinetic En.   Total Energy  Conserved En.    Temperature Pressure (bar)
    1.27544e+05   -2.69289e+04   -7.67129e+03    3.09131e+02   -9.66905e+01
   Constr. rmsd
    0.00000e+00

           Step           Time
          89000      178.00000

   Energies (kJ/mol)
           Bond          Angle    Proper Dih. Per. Imp. Dih.          LJ-14
    1.50668e+04    6.27731e+04    2.73596e+04    1.14278e+02    1.49649e+04
     Coulomb-14        LJ (SR)   Coulomb (SR)   Coul. recip.      Potential
   -6.46219e+03   -3.65772e+04   -2.33771e+05    1.19039e+03   -1.55341e+05
    Kinetic En.   Total Energy  Conserved En.    Temperature Pressure (bar)
    1.25989e+05   -2.93519e+04   -7.91354e+03    3.05363e+02   -2.62910e+02
   Constr. rmsd
    0.00000e+00

           Step           Time
          89500      179.00000

   Energies (kJ/mol)
           Bond          Angle    Proper Dih. Per. Imp. Dih.          LJ-14
    1.48281e+04    6.36281e+04    2.74574e+04    9.58596e+01    1.50019e+04
     Coulomb-14        LJ (SR)   Coulomb (SR)   Coul. recip.      Potential
   -6.51587e+03   -3.63397e+04   -2.34262e+05    1.25222e+03   -1.54854e+05
    Kinetic En.   Total Energy  Conserved En.    Temperature Pressure (bar)
    1.27470e+05   -2.73834e+04   -7.93735e+03    3.08952e+02   -6.93998e+01
   Constr. rmsd
    0.00000e+00

           Step           Time
          90000      180.00000

   Energies (kJ/mol)
           Bond          Angle    Proper Dih. Per. Imp. Dih.          LJ-14
    1.52168e+04    6.31655e+04    2.72703e+04    1.01960e+02    1.48549e+04
     Coulomb-14        LJ (SR)   Coulomb (SR)   Coul. recip.      Potential
   -6.58857e+03   -3.69707e+04   -2.32703e+05    1.17662e+03   -1.54476e+05
    Kinetic En.   Total Energy  Conserved En.    Temperature Pressure (bar)
    1.28150e+05   -2.63264e+04   -7.82446e+03    3.10599e+02   -3.41804e+02
   Constr. rmsd
    0.00000e+00

           Step           Time
          90500      181.00000

   Energies (kJ/mol)
           Bond          Angle    Proper Dih. Per. Imp. Dih.          LJ-14
    1.48618e+04    6.25543e+04    2.74136e+04    9.86501e+01    1.47830e+04
     Coulomb-14        LJ (SR)   Coulomb (SR)   Coul. recip.      Potential
   -6.51629e+03   -3.65617e+04   -2.34447e+05    1.16591e+03   -1.56648e+05
    Kinetic En.   Total Energy  Conserved En.    Temperature Pressure (bar)
    1.27553e+05   -2.90953e+04   -7.71613e+03    3.09153e+02   -3.86020e+02
   Constr. rmsd
    0.00000e+00

           Step           Time
          91000      182.00000

   Energies (kJ/mol)
           Bond          Angle    Proper Dih. Per. Imp. Dih.          LJ-14
    1.47105e+04    6.34588e+04    2.74976e+04    9.27640e+01    1.50938e+04
     Coulomb-14        LJ (SR)   Coulomb (SR)   Coul. recip.      Potential
   -6.53506e+03   -3.63728e+04   -2.34386e+05    1.16972e+03   -1.55270e+05
    Kinetic En.   Total Energy  Conserved En.    Temperature Pressure (bar)
    1.29368e+05   -2.59021e+04   -7.60871e+03    3.13553e+02    3.95660e+01
   Constr. rmsd
    0.00000e+00

           Step           Time
          91500      183.00000

   Energies (kJ/mol)
           Bond          Angle    Proper Dih. Per. Imp. Dih.          LJ-14
    1.49475e+04    6.36262e+04    2.73661e+04    8.54084e+01    1.49638e+04
     Coulomb-14        LJ (SR)   Coulomb (SR)   Coul. recip.      Potential
   -6.48387e+03   -3.62986e+04   -2.33991e+05    1.18618e+03   -1.54599e+05
    Kinetic En.   Total Energy  Conserved En.    Temperature Pressure (bar)
    1.28301e+05   -2.62977e+04   -7.48735e+03    3.10966e+02   -1.11280e+02
   Constr. rmsd
    0.00000e+00

           Step           Time
          92000      184.00000

   Energies (kJ/mol)
           Bond          Angle    Proper Dih. Per. Imp. Dih.          LJ-14
    1.46640e+04    6.37918e+04    2.74138e+04    8.90242e+01    1.50768e+04
     Coulomb-14        LJ (SR)   Coulomb (SR)   Coul. recip.      Potential
   -6.65205e+03   -3.60155e+04   -2.34268e+05    1.16277e+03   -1.54738e+05
    Kinetic En.   Total Energy  Conserved En.    Temperature Pressure (bar)
    1.27986e+05   -2.67521e+04   -7.35495e+03    3.10202e+02    2.70397e+02
   Constr. rmsd
    0.00000e+00

           Step           Time
          92500      185.00000

   Energies (kJ/mol)
           Bond          Angle    Proper Dih. Per. Imp. Dih.          LJ-14
    1.47428e+04    6.36758e+04    2.74098e+04    9.54151e+01    1.49912e+04
     Coulomb-14        LJ (SR)   Coulomb (SR)   Coul. recip.      Potential
   -6.56043e+03   -3.72765e+04   -2.32467e+05    1.20577e+03   -1.54183e+05
    Kinetic En.   Total Energy  Conserved En.    Temperature Pressure (bar)
    1.29408e+05   -2.47751e+04   -7.56085e+03    3.13649e+02    5.44245e+01
   Constr. rmsd
    0.00000e+00

           Step           Time
          93000      186.00000

   Energies (kJ/mol)
           Bond          Angle    Proper Dih. Per. Imp. Dih.          LJ-14
    1.48580e+04    6.36533e+04    2.73008e+04    1.07279e+02    1.48128e+04
     Coulomb-14        LJ (SR)   Coulomb (SR)   Coul. recip.      Potential
   -6.43253e+03   -3.61769e+04   -2.34444e+05    1.14254e+03   -1.55178e+05
    Kinetic En.   Total Energy  Conserved En.    Temperature Pressure (bar)
    1.27425e+05   -2.77534e+04   -7.37441e+03    3.08843e+02   -5.98223e+01
   Constr. rmsd
    0.00000e+00

           Step           Time
          93500      187.00000

   Energies (kJ/mol)
           Bond          Angle    Proper Dih. Per. Imp. Dih.          LJ-14
    1.47999e+04    6.35618e+04    2.72745e+04    9.15572e+01    1.49818e+04
     Coulomb-14        LJ (SR)   Coulomb (SR)   Coul. recip.      Potential
   -6.57533e+03   -3.64114e+04   -2.33689e+05    1.20444e+03   -1.54762e+05
    Kinetic En.   Total Energy  Conserved En.    Temperature Pressure (bar)
    1.27160e+05   -2.76014e+04   -7.32165e+03    3.08202e+02   -2.15683e+02
   Constr. rmsd
    0.00000e+00

           Step           Time
          94000      188.00000

   Energies (kJ/mol)
           Bond          Angle    Proper Dih. Per. Imp. Dih.          LJ-14
    1.45708e+04    6.38773e+04    2.74884e+04    1.02920e+02    1.49900e+04
     Coulomb-14        LJ (SR)   Coulomb (SR)   Coul. recip.      Potential
   -6.46354e+03   -3.63307e+04   -2.33995e+05    1.17857e+03   -1.54582e+05
    Kinetic En.   Total Energy  Conserved En.    Temperature Pressure (bar)
    1.27178e+05   -2.74032e+04   -7.25215e+03    3.08245e+02    2.36673e+02
   Constr. rmsd
    0.00000e+00

           Step           Time
          94500      189.00000

   Energies (kJ/mol)
           Bond          Angle    Proper Dih. Per. Imp. Dih.          LJ-14
    1.44743e+04    6.33934e+04    2.74469e+04    1.12969e+02    1.49749e+04
     Coulomb-14        LJ (SR)   Coulomb (SR)   Coul. recip.      Potential
   -6.50361e+03   -3.64910e+04   -2.34120e+05    1.14506e+03   -1.55567e+05
    Kinetic En.   Total Energy  Conserved En.    Temperature Pressure (bar)
    1.27273e+05   -2.82937e+04   -7.12303e+03    3.08475e+02   -3.75955e+01
   Constr. rmsd
    0.00000e+00

           Step           Time
          95000      190.00000

   Energies (kJ/mol)
           Bond          Angle    Proper Dih. Per. Imp. Dih.          LJ-14
    1.47089e+04    6.31620e+04    2.73551e+04    8.11755e+01    1.48839e+04
     Coulomb-14        LJ (SR)   Coulomb (SR)   Coul. recip.      Potential
   -6.52620e+03   -3.63964e+04   -2.34566e+05    1.18887e+03   -1.56109e+05
    Kinetic En.   Total Energy  Conserved En.    Temperature Pressure (bar)
    1.27886e+05   -2.82227e+04   -7.11878e+03    3.09960e+02    3.52797e+01
   Constr. rmsd
    0.00000e+00

           Step           Time
          95500      191.00000

   Energies (kJ/mol)
           Bond          Angle    Proper Dih. Per. Imp. Dih.          LJ-14
    1.54784e+04    6.36248e+04    2.74961e+04    9.44887e+01    1.49659e+04
     Coulomb-14        LJ (SR)   Coulomb (SR)   Coul. recip.      Potential
   -6.47771e+03   -3.68271e+04   -2.33641e+05    1.21963e+03   -1.54066e+05
    Kinetic En.   Total Energy  Conserved En.    Temperature Pressure (bar)
    1.27745e+05   -2.63210e+04   -6.84850e+03    3.09619e+02   -2.84145e+02
   Constr. rmsd
    0.00000e+00

           Step           Time
          96000      192.00000

   Energies (kJ/mol)
           Bond          Angle    Proper Dih. Per. Imp. Dih.          LJ-14
    1.49536e+04    6.33237e+04    2.74066e+04    9.87986e+01    1.49639e+04
     Coulomb-14        LJ (SR)   Coulomb (SR)   Coul. recip.      Potential
   -6.54774e+03   -3.55177e+04   -2.34681e+05    1.26327e+03   -1.54737e+05
    Kinetic En.   Total Energy  Conserved En.    Temperature Pressure (bar)
    1.27676e+05   -2.70608e+04   -6.75304e+03    3.09452e+02    1.78726e+02
   Constr. rmsd
    0.00000e+00

           Step           Time
          96500      193.00000

   Energies (kJ/mol)
           Bond          Angle    Proper Dih. Per. Imp. Dih.          LJ-14
    1.49395e+04    6.31286e+04    2.75005e+04    9.63562e+01    1.48834e+04
     Coulomb-14        LJ (SR)   Coulomb (SR)   Coul. recip.      Potential
   -6.51267e+03   -3.66662e+04   -2.33189e+05    1.20525e+03   -1.54614e+05
    Kinetic En.   Total Energy  Conserved En.    Temperature Pressure (bar)
    1.27615e+05   -2.69990e+04   -6.83744e+03    3.09304e+02    1.20585e+01
   Constr. rmsd
    0.00000e+00

           Step           Time
          97000      194.00000

   Energies (kJ/mol)
           Bond          Angle    Proper Dih. Per. Imp. Dih.          LJ-14
    1.50677e+04    6.35216e+04    2.74534e+04    8.86043e+01    1.49142e+04
     Coulomb-14        LJ (SR)   Coulomb (SR)   Coul. recip.      Potential
   -6.49848e+03   -3.61762e+04   -2.34405e+05    1.18663e+03   -1.54847e+05
    Kinetic En.   Total Energy  Conserved En.    Temperature Pressure (bar)
    1.27552e+05   -2.72947e+04   -6.50135e+03    3.09152e+02    3.04552e+01
   Constr. rmsd
    0.00000e+00

           Step           Time
          97500      195.00000

   Energies (kJ/mol)
           Bond          Angle    Proper Dih. Per. Imp. Dih.          LJ-14
    1.51410e+04    6.37240e+04    2.74370e+04    9.13315e+01    1.49260e+04
     Coulomb-14        LJ (SR)   Coulomb (SR)   Coul. recip.      Potential
   -6.46861e+03   -3.52859e+04   -2.35145e+05    1.21601e+03   -1.54364e+05
    Kinetic En.   Total Energy  Conserved En.    Temperature Pressure (bar)
    1.28093e+05   -2.62712e+04   -6.41612e+03    3.10462e+02    4.57049e+00
   Constr. rmsd
    0.00000e+00

           Step           Time
          98000      196.00000

   Energies (kJ/mol)
           Bond          Angle    Proper Dih. Per. Imp. Dih.          LJ-14
    1.49322e+04    6.31692e+04    2.75441e+04    1.01724e+02    1.50224e+04
     Coulomb-14        LJ (SR)   Coulomb (SR)   Coul. recip.      Potential
   -6.54954e+03   -3.58711e+04   -2.35514e+05    1.21650e+03   -1.55949e+05
    Kinetic En.   Total Energy  Conserved En.    Temperature Pressure (bar)
    1.26827e+05   -2.91215e+04   -6.45023e+03    3.07394e+02    6.36220e+01
   Constr. rmsd
    0.00000e+00

           Step           Time
          98500      197.00000

   Energies (kJ/mol)
           Bond          Angle    Proper Dih. Per. Imp. Dih.          LJ-14
    1.47084e+04    6.29620e+04    2.75629e+04    9.59128e+01    1.50981e+04
     Coulomb-14        LJ (SR)   Coulomb (SR)   Coul. recip.      Potential
   -6.56600e+03   -3.61007e+04   -2.34410e+05    1.14001e+03   -1.55509e+05
    Kinetic En.   Total Energy  Conserved En.    Temperature Pressure (bar)
    1.28078e+05   -2.74309e+04   -6.34915e+03    3.10426e+02    1.15676e+02
   Constr. rmsd
    0.00000e+00

           Step           Time
          99000      198.00000

   Energies (kJ/mol)
           Bond          Angle    Proper Dih. Per. Imp. Dih.          LJ-14
    1.53997e+04    6.38436e+04    2.76641e+04    1.08777e+02    1.52287e+04
     Coulomb-14        LJ (SR)   Coulomb (SR)   Coul. recip.      Potential
   -6.55753e+03   -3.59607e+04   -2.33810e+05    1.23189e+03   -1.52852e+05
    Kinetic En.   Total Energy  Conserved En.    Temperature Pressure (bar)
    1.26936e+05   -2.59156e+04   -6.24971e+03    3.07658e+02    3.29562e+01
   Constr. rmsd
    0.00000e+00

           Step           Time
          99500      199.00000

   Energies (kJ/mol)
           Bond          Angle    Proper Dih. Per. Imp. Dih.          LJ-14
    1.47343e+04    6.39532e+04    2.74660e+04    1.10410e+02    1.49398e+04
     Coulomb-14        LJ (SR)   Coulomb (SR)   Coul. recip.      Potential
   -6.53093e+03   -3.62111e+04   -2.33409e+05    1.21380e+03   -1.53733e+05
    Kinetic En.   Total Energy  Conserved En.    Temperature Pressure (bar)
    1.28780e+05   -2.49532e+04   -6.32889e+03    3.12127e+02   -4.14636e+01
   Constr. rmsd
    0.00000e+00

           Step           Time
         100000      200.00000

   Energies (kJ/mol)
           Bond          Angle    Proper Dih. Per. Imp. Dih.          LJ-14
    1.47539e+04    6.35721e+04    2.75174e+04    1.05155e+02    1.48223e+04
     Coulomb-14        LJ (SR)   Coulomb (SR)   Coul. recip.      Potential
   -6.53236e+03   -3.71523e+04   -2.33255e+05    1.19810e+03   -1.54971e+05
    Kinetic En.   Total Energy  Conserved En.    Temperature Pressure (bar)
    1.29169e+05   -2.58023e+04   -6.45994e+03    3.13069e+02   -2.31147e+02
   Constr. rmsd
    0.00000e+00

           Step           Time
         100500      201.00000

   Energies (kJ/mol)
           Bond          Angle    Proper Dih. Per. Imp. Dih.          LJ-14
    1.48768e+04    6.36979e+04    2.75468e+04    9.82075e+01    1.49908e+04
     Coulomb-14        LJ (SR)   Coulomb (SR)   Coul. recip.      Potential
   -6.52782e+03   -3.68872e+04   -2.33497e+05    1.20503e+03   -1.54497e+05
    Kinetic En.   Total Energy  Conserved En.    Temperature Pressure (bar)
    1.27772e+05   -2.67245e+04   -6.39314e+03    3.09685e+02   -3.58647e+01
   Constr. rmsd
    0.00000e+00

           Step           Time
         101000      202.00000

   Energies (kJ/mol)
           Bond          Angle    Proper Dih. Per. Imp. Dih.          LJ-14
    1.49894e+04    6.32745e+04    2.73771e+04    1.00374e+02    1.49082e+04
     Coulomb-14        LJ (SR)   Coulomb (SR)   Coul. recip.      Potential
   -6.55017e+03   -3.60301e+04   -2.34122e+05    1.21324e+03   -1.54839e+05
    Kinetic En.   Total Energy  Conserved En.    Temperature Pressure (bar)
    1.28194e+05   -2.66454e+04   -6.34618e+03    3.10706e+02    5.85352e+01
   Constr. rmsd
    0.00000e+00

           Step           Time
         101500      203.00000

   Energies (kJ/mol)
           Bond          Angle    Proper Dih. Per. Imp. Dih.          LJ-14
    1.52235e+04    6.37961e+04    2.75653e+04    1.13005e+02    1.48491e+04
     Coulomb-14        LJ (SR)   Coulomb (SR)   Coul. recip.      Potential
   -6.49271e+03   -3.65725e+04   -2.33352e+05    1.18584e+03   -1.53685e+05
    Kinetic En.   Total Energy  Conserved En.    Temperature Pressure (bar)
    1.27672e+05   -2.60129e+04   -6.22685e+03    3.09441e+02   -2.21322e+02
   Constr. rmsd
    0.00000e+00

           Step           Time
         102000      204.00000

   Energies (kJ/mol)
           Bond          Angle    Proper Dih. Per. Imp. Dih.          LJ-14
    1.48720e+04    6.36561e+04    2.73605e+04    1.08425e+02    1.50283e+04
     Coulomb-14        LJ (SR)   Coulomb (SR)   Coul. recip.      Potential
   -6.56028e+03   -3.60992e+04   -2.33687e+05    1.22731e+03   -1.54094e+05
    Kinetic En.   Total Energy  Conserved En.    Temperature Pressure (bar)
    1.28749e+05   -2.53446e+04   -6.13374e+03    3.12052e+02    8.35971e+01
   Constr. rmsd
    0.00000e+00

           Step           Time
         102500      205.00000

   Energies (kJ/mol)
           Bond          Angle    Proper Dih. Per. Imp. Dih.          LJ-14
    1.49025e+04    6.37550e+04    2.72481e+04    1.07700e+02    1.50890e+04
     Coulomb-14        LJ (SR)   Coulomb (SR)   Coul. recip.      Potential
   -6.48873e+03   -3.61484e+04   -2.33738e+05    1.16688e+03   -1.54106e+05
    Kinetic En.   Total Energy  Conserved En.    Temperature Pressure (bar)
    1.28408e+05   -2.56972e+04   -5.84988e+03    3.11226e+02    2.89011e+02
   Constr. rmsd
    0.00000e+00

           Step           Time
         103000      206.00000

   Energies (kJ/mol)
           Bond          Angle    Proper Dih. Per. Imp. Dih.          LJ-14
    1.48801e+04    6.37917e+04    2.73214e+04    8.76489e+01    1.50286e+04
     Coulomb-14        LJ (SR)   Coulomb (SR)   Coul. recip.      Potential
   -6.56939e+03   -3.72600e+04   -2.33055e+05    1.16528e+03   -1.54609e+05
    Kinetic En.   Total Energy  Conserved En.    Temperature Pressure (bar)
    1.28903e+05   -2.57065e+04   -5.79154e+03    3.12425e+02   -1.29339e+01
   Constr. rmsd
    0.00000e+00

           Step           Time
         103500      207.00000

   Energies (kJ/mol)
           Bond          Angle    Proper Dih. Per. Imp. Dih.          LJ-14
    1.53189e+04    6.32318e+04    2.73242e+04    8.86994e+01    1.48775e+04
     Coulomb-14        LJ (SR)   Coulomb (SR)   Coul. recip.      Potential
   -6.62380e+03   -3.68437e+04   -2.33920e+05    1.17040e+03   -1.55376e+05
    Kinetic En.   Total Energy  Conserved En.    Temperature Pressure (bar)
    1.27202e+05   -2.81739e+04   -5.63196e+03    3.08302e+02   -2.15996e+02
   Constr. rmsd
    0.00000e+00

           Step           Time
         104000      208.00000

   Energies (kJ/mol)
           Bond          Angle    Proper Dih. Per. Imp. Dih.          LJ-14
    1.50074e+04    6.37336e+04    2.75683e+04    1.12786e+02    1.49896e+04
     Coulomb-14        LJ (SR)   Coulomb (SR)   Coul. recip.      Potential
   -6.45602e+03   -3.62489e+04   -2.34764e+05    1.20453e+03   -1.54853e+05
    Kinetic En.   Total Energy  Conserved En.    Temperature Pressure (bar)
    1.28246e+05   -2.66072e+04   -5.58433e+03    3.10832e+02   -1.36824e+02
   Constr. rmsd
    0.00000e+00

           Step           Time
         104500      209.00000

   Energies (kJ/mol)
           Bond          Angle    Proper Dih. Per. Imp. Dih.          LJ-14
    1.50619e+04    6.38279e+04    2.73879e+04    1.21467e+02    1.49440e+04
     Coulomb-14        LJ (SR)   Coulomb (SR)   Coul. recip.      Potential
   -6.60374e+03   -3.69534e+04   -2.34092e+05    1.21249e+03   -1.55093e+05
    Kinetic En.   Total Energy  Conserved En.    Temperature Pressure (bar)
    1.28262e+05   -2.68319e+04   -5.51578e+03    3.10870e+02   -1.54023e+02
   Constr. rmsd
    0.00000e+00

           Step           Time
         105000      210.00000

   Energies (kJ/mol)
           Bond          Angle    Proper Dih. Per. Imp. Dih.          LJ-14
    1.51107e+04    6.33360e+04    2.72597e+04    1.04645e+02    1.48888e+04
     Coulomb-14        LJ (SR)   Coulomb (SR)   Coul. recip.      Potential
   -6.48175e+03   -3.71879e+04   -2.33175e+05    1.19238e+03   -1.54952e+05
    Kinetic En.   Total Energy  Conserved En.    Temperature Pressure (bar)
    1.28087e+05   -2.68653e+04   -5.71657e+03    3.10447e+02   -5.46774e+01
   Constr. rmsd
    0.00000e+00

           Step           Time
         105500      211.00000

   Energies (kJ/mol)
           Bond          Angle    Proper Dih. Per. Imp. Dih.          LJ-14
    1.48600e+04    6.34918e+04    2.76075e+04    9.36383e+01    1.48778e+04
     Coulomb-14        LJ (SR)   Coulomb (SR)   Coul. recip.      Potential
   -6.48723e+03   -3.59726e+04   -2.34379e+05    1.21152e+03   -1.54696e+05
    Kinetic En.   Total Energy  Conserved En.    Temperature Pressure (bar)
    1.28051e+05   -2.66448e+04   -5.55069e+03    3.10361e+02   -1.88883e+02
   Constr. rmsd
    0.00000e+00

           Step           Time
         106000      212.00000

   Energies (kJ/mol)
           Bond          Angle    Proper Dih. Per. Imp. Dih.          LJ-14
    1.48487e+04    6.32643e+04    2.73693e+04    8.78863e+01    1.49069e+04
     Coulomb-14        LJ (SR)   Coulomb (SR)   Coul. recip.      Potential
   -6.42528e+03   -3.65998e+04   -2.35075e+05    1.15173e+03   -1.56471e+05
    Kinetic En.   Total Energy  Conserved En.    Temperature Pressure (bar)
    1.26277e+05   -3.01937e+04   -5.47437e+03    3.06061e+02   -7.97928e+01
   Constr. rmsd
    0.00000e+00

           Step           Time
         106500      213.00000

   Energies (kJ/mol)
           Bond          Angle    Proper Dih. Per. Imp. Dih.          LJ-14
    1.48698e+04    6.33665e+04    2.73920e+04    9.88195e+01    1.47858e+04
     Coulomb-14        LJ (SR)   Coulomb (SR)   Coul. recip.      Potential
   -6.58891e+03   -3.64164e+04   -2.34535e+05    1.12972e+03   -1.55898e+05
    Kinetic En.   Total Energy  Conserved En.    Temperature Pressure (bar)
    1.27410e+05   -2.84875e+04   -5.19942e+03    3.08807e+02   -2.21163e+02
   Constr. rmsd
    0.00000e+00

           Step           Time
         107000      214.00000

   Energies (kJ/mol)
           Bond          Angle    Proper Dih. Per. Imp. Dih.          LJ-14
    1.49276e+04    6.36315e+04    2.74451e+04    1.03081e+02    1.49264e+04
     Coulomb-14        LJ (SR)   Coulomb (SR)   Coul. recip.      Potential
   -6.50457e+03   -3.64000e+04   -2.34276e+05    1.16427e+03   -1.54983e+05
    Kinetic En.   Total Energy  Conserved En.    Temperature Pressure (bar)
    1.28280e+05   -2.67031e+04   -5.24445e+03    3.10914e+02    5.64818e+01
   Constr. rmsd
    0.00000e+00

           Step           Time
         107500      215.00000

   Energies (kJ/mol)
           Bond          Angle    Proper Dih. Per. Imp. Dih.          LJ-14
    1.49331e+04    6.26366e+04    2.73691e+04    8.80513e+01    1.48542e+04
     Coulomb-14        LJ (SR)   Coulomb (SR)   Coul. recip.      Potential
   -6.52617e+03   -3.64161e+04   -2.34028e+05    1.14799e+03   -1.55941e+05
    Kinetic En.   Total Energy  Conserved En.    Temperature Pressure (bar)
    1.26739e+05   -2.92017e+04   -5.27621e+03    3.07181e+02   -7.95188e+01
   Constr. rmsd
    0.00000e+00

           Step           Time
         108000      216.00000

   Energies (kJ/mol)
           Bond          Angle    Proper Dih. Per. Imp. Dih.          LJ-14
    1.49339e+04    6.37152e+04    2.74514e+04    1.05798e+02    1.49664e+04
     Coulomb-14        LJ (SR)   Coulomb (SR)   Coul. recip.      Potential
   -6.60082e+03   -3.69683e+04   -2.33424e+05    1.22470e+03   -1.54595e+05
    Kinetic En.   Total Energy  Conserved En.    Temperature Pressure (bar)
    1.27934e+05   -2.66613e+04   -5.07387e+03    3.10076e+02   -5.57771e+01
   Constr. rmsd
    0.00000e+00

           Step           Time
         108500      217.00000

   Energies (kJ/mol)
           Bond          Angle    Proper Dih. Per. Imp. Dih.          LJ-14
    1.50844e+04    6.38251e+04    2.76139e+04    1.08907e+02    1.49008e+04
     Coulomb-14        LJ (SR)   Coulomb (SR)   Coul. recip.      Potential
   -6.48118e+03   -3.64675e+04   -2.33970e+05    1.18327e+03   -1.54202e+05
    Kinetic En.   Total Energy  Conserved En.    Temperature Pressure (bar)
    1.28369e+05   -2.58325e+04   -5.06868e+03    3.11131e+02    1.08251e+02
   Constr. rmsd
    0.00000e+00

           Step           Time
         109000      218.00000

   Energies (kJ/mol)
           Bond          Angle    Proper Dih. Per. Imp. Dih.          LJ-14
    1.47639e+04    6.34344e+04    2.73880e+04    9.31158e+01    1.48750e+04
     Coulomb-14        LJ (SR)   Coulomb (SR)   Coul. recip.      Potential
   -6.55541e+03   -3.64168e+04   -2.34106e+05    1.20272e+03   -1.55321e+05
    Kinetic En.   Total Energy  Conserved En.    Temperature Pressure (bar)
    1.29142e+05   -2.61795e+04   -4.99550e+03    3.13003e+02    1.60799e+01
   Constr. rmsd
    0.00000e+00

           Step           Time
         109500      219.00000

   Energies (kJ/mol)
           Bond          Angle    Proper Dih. Per. Imp. Dih.          LJ-14
    1.50989e+04    6.32500e+04    2.73009e+04    8.47962e+01    1.48252e+04
     Coulomb-14        LJ (SR)   Coulomb (SR)   Coul. recip.      Potential
   -6.51219e+03   -3.67309e+04   -2.34616e+05    1.20381e+03   -1.56096e+05
    Kinetic En.   Total Energy  Conserved En.    Temperature Pressure (bar)
    1.27759e+05   -2.83369e+04   -4.88350e+03    3.09652e+02   -2.45625e+02
   Constr. rmsd
    0.00000e+00

           Step           Time
         110000      220.00000

   Energies (kJ/mol)
           Bond          Angle    Proper Dih. Per. Imp. Dih.          LJ-14
    1.47921e+04    6.33447e+04    2.76771e+04    1.05093e+02    1.49573e+04
     Coulomb-14        LJ (SR)   Coulomb (SR)   Coul. recip.      Potential
   -6.60290e+03   -3.63790e+04   -2.34674e+05    1.17011e+03   -1.55610e+05
    Kinetic En.   Total Energy  Conserved En.    Temperature Pressure (bar)
    1.27164e+05   -2.84452e+04   -4.78015e+03    3.08211e+02    1.10721e+02
   Constr. rmsd
    0.00000e+00

           Step           Time
         110500      221.00000

   Energies (kJ/mol)
           Bond          Angle    Proper Dih. Per. Imp. Dih.          LJ-14
    1.48840e+04    6.30945e+04    2.74013e+04    1.02790e+02    1.49609e+04
     Coulomb-14        LJ (SR)   Coulomb (SR)   Coul. recip.      Potential
   -6.57654e+03   -3.62447e+04   -2.34327e+05    1.19182e+03   -1.55513e+05
    Kinetic En.   Total Energy  Conserved En.    Temperature Pressure (bar)
    1.27251e+05   -2.82628e+04   -4.86274e+03    3.08420e+02    3.77854e+02
   Constr. rmsd
    0.00000e+00

           Step           Time
         111000      222.00000

   Energies (kJ/mol)
           Bond          Angle    Proper Dih. Per. Imp. Dih.          LJ-14
    1.48960e+04    6.38018e+04    2.72892e+04    8.75918e+01    1.49905e+04
     Coulomb-14        LJ (SR)   Coulomb (SR)   Coul. recip.      Potential
   -6.54801e+03   -3.66509e+04   -2.33568e+05    1.19465e+03   -1.54507e+05
    Kinetic En.   Total Energy  Conserved En.    Temperature Pressure (bar)
    1.28606e+05   -2.59012e+04   -4.75155e+03    3.11706e+02    1.17459e+02
   Constr. rmsd
    0.00000e+00

           Step           Time
         111500      223.00000

   Energies (kJ/mol)
           Bond          Angle    Proper Dih. Per. Imp. Dih.          LJ-14
    1.51441e+04    6.39696e+04    2.73041e+04    1.18820e+02    1.48441e+04
     Coulomb-14        LJ (SR)   Coulomb (SR)   Coul. recip.      Potential
   -6.48348e+03   -3.71042e+04   -2.33614e+05    1.16621e+03   -1.54655e+05
    Kinetic En.   Total Energy  Conserved En.    Temperature Pressure (bar)
    1.28468e+05   -2.61868e+04   -4.52570e+03    3.11372e+02   -2.79853e+02
   Constr. rmsd
    0.00000e+00

           Step           Time
         112000      224.00000

   Energies (kJ/mol)
           Bond          Angle    Proper Dih. Per. Imp. Dih.          LJ-14
    1.49632e+04    6.36028e+04    2.73219e+04    8.26943e+01    1.48424e+04
     Coulomb-14        LJ (SR)   Coulomb (SR)   Coul. recip.      Potential
   -6.50373e+03   -3.65948e+04   -2.34399e+05    1.20261e+03   -1.55482e+05
    Kinetic En.   Total Energy  Conserved En.    Temperature Pressure (bar)
    1.27102e+05   -2.83804e+04   -4.61327e+03    3.08059e+02   -1.19088e+02
   Constr. rmsd
    0.00000e+00

           Step           Time
         112500      225.00000

   Energies (kJ/mol)
           Bond          Angle    Proper Dih. Per. Imp. Dih.          LJ-14
    1.46306e+04    6.39109e+04    2.74878e+04    9.69007e+01    1.48426e+04
     Coulomb-14        LJ (SR)   Coulomb (SR)   Coul. recip.      Potential
   -6.45140e+03   -3.61862e+04   -2.34568e+05    1.21955e+03   -1.55017e+05
    Kinetic En.   Total Energy  Conserved En.    Temperature Pressure (bar)
    1.27663e+05   -2.73542e+04   -4.44936e+03    3.09419e+02   -7.35868e+01
   Constr. rmsd
    0.00000e+00

           Step           Time
         113000      226.00000

   Energies (kJ/mol)
           Bond          Angle    Proper Dih. Per. Imp. Dih.          LJ-14
    1.47739e+04    6.35521e+04    2.75426e+04    9.38924e+01    1.48677e+04
     Coulomb-14        LJ (SR)   Coulomb (SR)   Coul. recip.      Potential
   -6.46883e+03   -3.63234e+04   -2.34633e+05    1.12298e+03   -1.55472e+05
    Kinetic En.   Total Energy  Conserved En.    Temperature Pressure (bar)
    1.27583e+05   -2.78894e+04   -4.31640e+03    3.09225e+02   -4.57542e+01
   Constr. rmsd
    0.00000e+00

           Step           Time
         113500      227.00000

   Energies (kJ/mol)
           Bond          Angle    Proper Dih. Per. Imp. Dih.          LJ-14
    1.49558e+04    6.36866e+04    2.73407e+04    8.80546e+01    1.49487e+04
     Coulomb-14        LJ (SR)   Coulomb (SR)   Coul. recip.      Potential
   -6.44139e+03   -3.72030e+04   -2.32999e+05    1.18443e+03   -1.54439e+05
    Kinetic En.   Total Energy  Conserved En.    Temperature Pressure (bar)
    1.28991e+05   -2.54483e+04   -4.48446e+03    3.12638e+02    9.95814e+01
   Constr. rmsd
    0.00000e+00

           Step           Time
         114000      228.00000

   Energies (kJ/mol)
           Bond          Angle    Proper Dih. Per. Imp. Dih.          LJ-14
    1.46873e+04    6.39987e+04    2.73416e+04    8.26919e+01    1.50129e+04
     Coulomb-14        LJ (SR)   Coulomb (SR)   Coul. recip.      Potential
   -6.43139e+03   -3.66193e+04   -2.33983e+05    1.21859e+03   -1.54692e+05
    Kinetic En.   Total Energy  Conserved En.    Temperature Pressure (bar)
    1.27582e+05   -2.71100e+04   -4.58991e+03    3.09224e+02    3.16874e+01
   Constr. rmsd
    0.00000e+00

           Step           Time
         114500      229.00000

   Energies (kJ/mol)
           Bond          Angle    Proper Dih. Per. Imp. Dih.          LJ-14
    1.48654e+04    6.33014e+04    2.76906e+04    8.96818e+01    1.50171e+04
     Coulomb-14        LJ (SR)   Coulomb (SR)   Coul. recip.      Potential
   -6.47917e+03   -3.72998e+04   -2.33566e+05    1.20770e+03   -1.55173e+05
    Kinetic En.   Total Energy  Conserved En.    Temperature Pressure (bar)
    1.28149e+05   -2.70233e+04   -4.75313e+03    3.10598e+02   -7.43163e+01
   Constr. rmsd
    0.00000e+00

           Step           Time
         115000      230.00000

   Energies (kJ/mol)
           Bond          Angle    Proper Dih. Per. Imp. Dih.          LJ-14
    1.52310e+04    6.38676e+04    2.74904e+04    1.01569e+02    1.48738e+04
     Coulomb-14        LJ (SR)   Coulomb (SR)   Coul. recip.      Potential
   -6.55018e+03   -3.68870e+04   -2.34188e+05    1.13033e+03   -1.54931e+05
    Kinetic En.   Total Energy  Conserved En.    Temperature Pressure (bar)
    1.28656e+05   -2.62746e+04   -4.57517e+03    3.11826e+02   -3.80965e+02
   Constr. rmsd
    0.00000e+00

           Step           Time
         115500      231.00000

   Energies (kJ/mol)
           Bond          Angle    Proper Dih. Per. Imp. Dih.          LJ-14
    1.49605e+04    6.31894e+04    2.72048e+04    1.01724e+02    1.49195e+04
     Coulomb-14        LJ (SR)   Coulomb (SR)   Coul. recip.      Potential
   -6.56647e+03   -3.62194e+04   -2.34225e+05    1.18367e+03   -1.55451e+05
    Kinetic En.   Total Energy  Conserved En.    Temperature Pressure (bar)
    1.28849e+05   -2.66023e+04   -4.61186e+03    3.12294e+02    2.31973e+02
   Constr. rmsd
    0.00000e+00

           Step           Time
         116000      232.00000

   Energies (kJ/mol)
           Bond          Angle    Proper Dih. Per. Imp. Dih.          LJ-14
    1.50363e+04    6.30639e+04    2.73058e+04    1.03218e+02    1.47777e+04
     Coulomb-14        LJ (SR)   Coulomb (SR)   Coul. recip.      Potential
   -6.56334e+03   -3.61420e+04   -2.34463e+05    1.24303e+03   -1.55638e+05
    Kinetic En.   Total Energy  Conserved En.    Temperature Pressure (bar)
    1.26892e+05   -2.87462e+04   -4.68180e+03    3.07550e+02   -1.57555e+02
   Constr. rmsd
    0.00000e+00

           Step           Time
         116500      233.00000

   Energies (kJ/mol)
           Bond          Angle    Proper Dih. Per. Imp. Dih.          LJ-14
    1.49906e+04    6.35075e+04    2.74074e+04    1.05714e+02    1.47619e+04
     Coulomb-14        LJ (SR)   Coulomb (SR)   Coul. recip.      Potential
   -6.55664e+03   -3.66525e+04   -2.34210e+05    1.28168e+03   -1.55364e+05
    Kinetic En.   Total Energy  Conserved En.    Temperature Pressure (bar)
    1.27707e+05   -2.76576e+04   -4.76384e+03    3.09526e+02   -2.12823e+02
   Constr. rmsd
    0.00000e+00

           Step           Time
         117000      234.00000

   Energies (kJ/mol)
           Bond          Angle    Proper Dih. Per. Imp. Dih.          LJ-14
    1.50354e+04    6.37030e+04    2.75659e+04    8.89849e+01    1.51753e+04
     Coulomb-14        LJ (SR)   Coulomb (SR)   Coul. recip.      Potential
   -6.62954e+03   -3.70975e+04   -2.32611e+05    1.26208e+03   -1.53507e+05
    Kinetic En.   Total Energy  Conserved En.    Temperature Pressure (bar)
    1.29080e+05   -2.44269e+04   -4.68946e+03    3.12855e+02   -7.22830e+01
   Constr. rmsd
    0.00000e+00

           Step           Time
         117500      235.00000

   Energies (kJ/mol)
           Bond          Angle    Proper Dih. Per. Imp. Dih.          LJ-14
    1.47829e+04    6.33030e+04    2.75407e+04    1.16208e+02    1.48960e+04
     Coulomb-14        LJ (SR)   Coulomb (SR)   Coul. recip.      Potential
   -6.48316e+03   -3.67809e+04   -2.34319e+05    1.18545e+03   -1.55759e+05
    Kinetic En.   Total Energy  Conserved En.    Temperature Pressure (bar)
    1.27722e+05   -2.80369e+04   -4.48594e+03    3.09563e+02   -1.78894e+02
   Constr. rmsd
    0.00000e+00

           Step           Time
         118000      236.00000

   Energies (kJ/mol)
           Bond          Angle    Proper Dih. Per. Imp. Dih.          LJ-14
    1.51420e+04    6.35550e+04    2.74663e+04    9.57161e+01    1.51141e+04
     Coulomb-14        LJ (SR)   Coulomb (SR)   Coul. recip.      Potential
   -6.52641e+03   -3.78257e+04   -2.32632e+05    1.16354e+03   -1.54447e+05
    Kinetic En.   Total Energy  Conserved En.    Temperature Pressure (bar)
    1.28108e+05   -2.63391e+04   -4.38148e+03    3.10498e+02    1.41802e+02
   Constr. rmsd
    0.00000e+00

           Step           Time
         118500      237.00000

   Energies (kJ/mol)
           Bond          Angle    Proper Dih. Per. Imp. Dih.          LJ-14
    1.47447e+04    6.32298e+04    2.74706e+04    9.88056e+01    1.50541e+04
     Coulomb-14        LJ (SR)   Coulomb (SR)   Coul. recip.      Potential
   -6.55110e+03   -3.77243e+04   -2.32768e+05    1.21887e+03   -1.55227e+05
    Kinetic En.   Total Energy  Conserved En.    Temperature Pressure (bar)
    1.28449e+05   -2.67779e+04   -4.24474e+03    3.11324e+02    7.94682e+01
   Constr. rmsd
    0.00000e+00

           Step           Time
         119000      238.00000

   Energies (kJ/mol)
           Bond          Angle    Proper Dih. Per. Imp. Dih.          LJ-14
    1.47159e+04    6.32212e+04    2.77879e+04    9.74867e+01    1.49453e+04
     Coulomb-14        LJ (SR)   Coulomb (SR)   Coul. recip.      Potential
   -6.42851e+03   -3.74675e+04   -2.34021e+05    1.19689e+03   -1.55952e+05
    Kinetic En.   Total Energy  Conserved En.    Temperature Pressure (bar)
    1.26950e+05   -2.90022e+04   -4.17101e+03    3.07692e+02   -9.60850e+01
   Constr. rmsd
    0.00000e+00

           Step           Time
         119500      239.00000

   Energies (kJ/mol)
           Bond          Angle    Proper Dih. Per. Imp. Dih.          LJ-14
    1.48782e+04    6.33591e+04    2.75244e+04    8.99488e+01    1.50655e+04
     Coulomb-14        LJ (SR)   Coulomb (SR)   Coul. recip.      Potential
   -6.56308e+03   -3.61619e+04   -2.34497e+05    1.13638e+03   -1.55168e+05
    Kinetic En.   Total Energy  Conserved En.    Temperature Pressure (bar)
    1.29083e+05   -2.60847e+04   -4.15634e+03    3.12862e+02    3.47392e+02
   Constr. rmsd
    0.00000e+00

           Step           Time
         120000      240.00000

   Energies (kJ/mol)
           Bond          Angle    Proper Dih. Per. Imp. Dih.          LJ-14
    1.50550e+04    6.33609e+04    2.75845e+04    1.14088e+02    1.48174e+04
     Coulomb-14        LJ (SR)   Coulomb (SR)   Coul. recip.      Potential
   -6.58118e+03   -3.62598e+04   -2.33644e+05    1.19788e+03   -1.54355e+05
    Kinetic En.   Total Energy  Conserved En.    Temperature Pressure (bar)
    1.28251e+05   -2.61043e+04   -3.92831e+03    3.10845e+02   -3.05493e+02
   Constr. rmsd
    0.00000e+00

           Step           Time
         120500      241.00000

   Energies (kJ/mol)
           Bond          Angle    Proper Dih. Per. Imp. Dih.          LJ-14
    1.50888e+04    6.34582e+04    2.76072e+04    1.00063e+02    1.49624e+04
     Coulomb-14        LJ (SR)   Coulomb (SR)   Coul. recip.      Potential
   -6.57885e+03   -3.69348e+04   -2.33884e+05    1.17569e+03   -1.55006e+05
    Kinetic En.   Total Energy  Conserved En.    Temperature Pressure (bar)
    1.28458e+05   -2.65472e+04   -3.74762e+03    3.11348e+02   -1.23391e+02
   Constr. rmsd
    0.00000e+00

           Step           Time
         121000      242.00000

   Energies (kJ/mol)
           Bond          Angle    Proper Dih. Per. Imp. Dih.          LJ-14
    1.48908e+04    6.34433e+04    2.74811e+04    1.07038e+02    1.50119e+04
     Coulomb-14        LJ (SR)   Coulomb (SR)   Coul. recip.      Potential
   -6.53243e+03   -3.67506e+04   -2.34554e+05    1.19388e+03   -1.55709e+05
    Kinetic En.   Total Energy  Conserved En.    Temperature Pressure (bar)
    1.27486e+05   -2.82225e+04   -3.79044e+03    3.08991e+02    7.86361e+01
   Constr. rmsd
    0.00000e+00

           Step           Time
         121500      243.00000

   Energies (kJ/mol)
           Bond          Angle    Proper Dih. Per. Imp. Dih.          LJ-14
    1.49652e+04    6.29776e+04    2.75517e+04    1.04484e+02    1.47974e+04
     Coulomb-14        LJ (SR)   Coulomb (SR)   Coul. recip.      Potential
   -6.63628e+03   -3.65506e+04   -2.35086e+05    1.22929e+03   -1.56647e+05
    Kinetic En.   Total Energy  Conserved En.    Temperature Pressure (bar)
    1.26827e+05   -2.98205e+04   -3.91288e+03    3.07392e+02   -3.43131e+02
   Constr. rmsd
    0.00000e+00

           Step           Time
         122000      244.00000

   Energies (kJ/mol)
           Bond          Angle    Proper Dih. Per. Imp. Dih.          LJ-14
    1.48167e+04    6.42170e+04    2.76700e+04    9.02189e+01    1.48860e+04
     Coulomb-14        LJ (SR)   Coulomb (SR)   Coul. recip.      Potential
   -6.65172e+03   -3.66759e+04   -2.34290e+05    1.22652e+03   -1.54711e+05
    Kinetic En.   Total Energy  Conserved En.    Temperature Pressure (bar)
    1.26546e+05   -2.81648e+04   -3.64294e+03    3.06714e+02    7.21003e+01
   Constr. rmsd
    0.00000e+00

           Step           Time
         122500      245.00000

   Energies (kJ/mol)
           Bond          Angle    Proper Dih. Per. Imp. Dih.          LJ-14
    1.49550e+04    6.37417e+04    2.75398e+04    9.81924e+01    1.50175e+04
     Coulomb-14        LJ (SR)   Coulomb (SR)   Coul. recip.      Potential
   -6.60087e+03   -3.69138e+04   -2.33631e+05    1.16661e+03   -1.54627e+05
    Kinetic En.   Total Energy  Conserved En.    Temperature Pressure (bar)
    1.28895e+05   -2.57317e+04   -3.65258e+03    3.12406e+02    1.34850e+02
   Constr. rmsd
    0.00000e+00

           Step           Time
         123000      246.00000

   Energies (kJ/mol)
           Bond          Angle    Proper Dih. Per. Imp. Dih.          LJ-14
    1.51639e+04    6.29717e+04    2.75440e+04    9.60599e+01    1.49192e+04
     Coulomb-14        LJ (SR)   Coulomb (SR)   Coul. recip.      Potential
   -6.48230e+03   -3.61476e+04   -2.34848e+05    1.15840e+03   -1.55625e+05
    Kinetic En.   Total Energy  Conserved En.    Temperature Pressure (bar)
    1.27533e+05   -2.80919e+04   -3.78601e+03    3.09105e+02   -1.52028e+02
   Constr. rmsd
    0.00000e+00

           Step           Time
         123500      247.00000

   Energies (kJ/mol)
           Bond          Angle    Proper Dih. Per. Imp. Dih.          LJ-14
    1.46792e+04    6.36234e+04    2.74933e+04    8.71940e+01    1.50752e+04
     Coulomb-14        LJ (SR)   Coulomb (SR)   Coul. recip.      Potential
   -6.51419e+03   -3.61485e+04   -2.34158e+05    1.25473e+03   -1.54607e+05
    Kinetic En.   Total Energy  Conserved En.    Temperature Pressure (bar)
    1.28900e+05   -2.57071e+04   -3.88519e+03    3.12418e+02    3.17377e+02
   Constr. rmsd
    0.00000e+00

           Step           Time
         124000      248.00000

   Energies (kJ/mol)
           Bond          Angle    Proper Dih. Per. Imp. Dih.          LJ-14
    1.50688e+04    6.39277e+04    2.74354e+04    1.17759e+02    1.46845e+04
     Coulomb-14        LJ (SR)   Coulomb (SR)   Coul. recip.      Potential
   -6.60001e+03   -3.73116e+04   -2.33660e+05    1.23172e+03   -1.55106e+05
    Kinetic En.   Total Energy  Conserved En.    Temperature Pressure (bar)
    1.27716e+05   -2.73892e+04   -3.79898e+03    3.09549e+02   -6.13420e+01
   Constr. rmsd
    0.00000e+00

           Step           Time
         124500      249.00000

   Energies (kJ/mol)
           Bond          Angle    Proper Dih. Per. Imp. Dih.          LJ-14
    1.51806e+04    6.35493e+04    2.74150e+04    9.42038e+01    1.49355e+04
     Coulomb-14        LJ (SR)   Coulomb (SR)   Coul. recip.      Potential
   -6.57940e+03   -3.73802e+04   -2.33177e+05    1.18021e+03   -1.54782e+05
    Kinetic En.   Total Energy  Conserved En.    Temperature Pressure (bar)
    1.27517e+05   -2.72648e+04   -3.89645e+03    3.09066e+02   -3.38391e+02
   Constr. rmsd
    0.00000e+00

           Step           Time
         125000      250.00000

   Energies (kJ/mol)
           Bond          Angle    Proper Dih. Per. Imp. Dih.          LJ-14
    1.49390e+04    6.30994e+04    2.75316e+04    9.32118e+01    1.48172e+04
     Coulomb-14        LJ (SR)   Coulomb (SR)   Coul. recip.      Potential
   -6.54450e+03   -3.64009e+04   -2.33945e+05    1.21173e+03   -1.55198e+05
    Kinetic En.   Total Energy  Conserved En.    Temperature Pressure (bar)
    1.27423e+05   -2.77752e+04   -3.93298e+03    3.08838e+02   -1.31176e+02
   Constr. rmsd
    0.00000e+00

           Step           Time
         125500      251.00000

   Energies (kJ/mol)
           Bond          Angle    Proper Dih. Per. Imp. Dih.          LJ-14
    1.47222e+04    6.30453e+04    2.77613e+04    1.13962e+02    1.51975e+04
     Coulomb-14        LJ (SR)   Coulomb (SR)   Coul. recip.      Potential
   -6.54680e+03   -3.65648e+04   -2.34473e+05    1.18581e+03   -1.55559e+05
    Kinetic En.   Total Energy  Conserved En.    Temperature Pressure (bar)
    1.27246e+05   -2.83122e+04   -3.87070e+03    3.08410e+02    2.77311e+02
   Constr. rmsd
    0.00000e+00

           Step           Time
         126000      252.00000

   Energies (kJ/mol)
           Bond          Angle    Proper Dih. Per. Imp. Dih.          LJ-14
    1.48811e+04    6.29428e+04    2.74680e+04    1.05408e+02    1.49194e+04
     Coulomb-14        LJ (SR)   Coulomb (SR)   Coul. recip.      Potential
   -6.64009e+03   -3.71244e+04   -2.33632e+05    1.16778e+03   -1.55912e+05
    Kinetic En.   Total Energy  Conserved En.    Temperature Pressure (bar)
    1.26805e+05   -2.91071e+04   -3.97358e+03    3.07340e+02    1.56835e+00
   Constr. rmsd
    0.00000e+00

           Step           Time
         126500      253.00000

   Energies (kJ/mol)
           Bond          Angle    Proper Dih. Per. Imp. Dih.          LJ-14
    1.49049e+04    6.31358e+04    2.73718e+04    9.90688e+01    1.49261e+04
     Coulomb-14        LJ (SR)   Coulomb (SR)   Coul. recip.      Potential
   -6.54482e+03   -3.69999e+04   -2.33744e+05    1.16932e+03   -1.55682e+05
    Kinetic En.   Total Energy  Conserved En.    Temperature Pressure (bar)
    1.27288e+05   -2.83937e+04   -3.88620e+03    3.08511e+02   -1.59823e+01
   Constr. rmsd
    0.00000e+00

           Step           Time
         127000      254.00000

   Energies (kJ/mol)
           Bond          Angle    Proper Dih. Per. Imp. Dih.          LJ-14
    1.48835e+04    6.35617e+04    2.77233e+04    1.17327e+02    1.48399e+04
     Coulomb-14        LJ (SR)   Coulomb (SR)   Coul. recip.      Potential
   -6.59641e+03   -3.73372e+04   -2.33099e+05    1.23895e+03   -1.54668e+05
    Kinetic En.   Total Energy  Conserved En.    Temperature Pressure (bar)
    1.27030e+05   -2.76380e+04   -3.92965e+03    3.07885e+02   -4.97781e+01
   Constr. rmsd
    0.00000e+00

           Step           Time
         127500      255.00000

   Energies (kJ/mol)
           Bond          Angle    Proper Dih. Per. Imp. Dih.          LJ-14
    1.46245e+04    6.33209e+04    2.75510e+04    9.94268e+01    1.48965e+04
     Coulomb-14        LJ (SR)   Coulomb (SR)   Coul. recip.      Potential
   -6.50707e+03   -3.63200e+04   -2.35850e+05    1.19660e+03   -1.56988e+05
    Kinetic En.   Total Energy  Conserved En.    Temperature Pressure (bar)
    1.27275e+05   -2.97131e+04   -3.87885e+03    3.08480e+02   -7.14246e+00
   Constr. rmsd
    0.00000e+00

           Step           Time
         128000      256.00000

   Energies (kJ/mol)
           Bond          Angle    Proper Dih. Per. Imp. Dih.          LJ-14
    1.49091e+04    6.34074e+04    2.77116e+04    9.39799e+01    1.50091e+04
     Coulomb-14        LJ (SR)   Coulomb (SR)   Coul. recip.      Potential
   -6.59949e+03   -3.71668e+04   -2.33860e+05    1.19089e+03   -1.55304e+05
    Kinetic En.   Total Energy  Conserved En.    Temperature Pressure (bar)
    1.27556e+05   -2.77479e+04   -3.74222e+03    3.09161e+02   -1.19753e+02
   Constr. rmsd
    0.00000e+00

           Step           Time
         128500      257.00000

   Energies (kJ/mol)
           Bond          Angle    Proper Dih. Per. Imp. Dih.          LJ-14
    1.51319e+04    6.33255e+04    2.75014e+04    1.15920e+02    1.49054e+04
     Coulomb-14        LJ (SR)   Coulomb (SR)   Coul. recip.      Potential
   -6.58221e+03   -3.74997e+04   -2.33038e+05    1.21476e+03   -1.54925e+05
    Kinetic En.   Total Energy  Conserved En.    Temperature Pressure (bar)
    1.26926e+05   -2.79990e+04   -3.77961e+03    3.07634e+02   -2.66114e+02
   Constr. rmsd
    0.00000e+00

           Step           Time
         129000      258.00000

   Energies (kJ/mol)
           Bond          Angle    Proper Dih. Per. Imp. Dih.          LJ-14
    1.50734e+04    6.34968e+04    2.73821e+04    9.17342e+01    1.48124e+04
     Coulomb-14        LJ (SR)   Coulomb (SR)   Coul. recip.      Potential
   -6.60094e+03   -3.80261e+04   -2.32086e+05    1.18078e+03   -1.54676e+05
    Kinetic En.   Total Energy  Conserved En.    Temperature Pressure (bar)
    1.28528e+05   -2.61480e+04   -3.63705e+03    3.11517e+02   -3.44650e+02
   Constr. rmsd
    0.00000e+00

           Step           Time
         129500      259.00000

   Energies (kJ/mol)
           Bond          Angle    Proper Dih. Per. Imp. Dih.          LJ-14
    1.48205e+04    6.33836e+04    2.73750e+04    8.77737e+01    1.50305e+04
     Coulomb-14        LJ (SR)   Coulomb (SR)   Coul. recip.      Potential
   -6.45734e+03   -3.68015e+04   -2.33739e+05    1.22596e+03   -1.55075e+05
    Kinetic En.   Total Energy  Conserved En.    Temperature Pressure (bar)
    1.28894e+05   -2.61805e+04   -3.54418e+03    3.12404e+02    7.45069e+01
   Constr. rmsd
    0.00000e+00

           Step           Time
         130000      260.00000

   Energies (kJ/mol)
           Bond          Angle    Proper Dih. Per. Imp. Dih.          LJ-14
    1.51537e+04    6.42013e+04    2.73411e+04    1.15369e+02    1.50101e+04
     Coulomb-14        LJ (SR)   Coulomb (SR)   Coul. recip.      Potential
   -6.68697e+03   -3.67736e+04   -2.33855e+05    1.24365e+03   -1.54250e+05
    Kinetic En.   Total Energy  Conserved En.    Temperature Pressure (bar)
    1.28954e+05   -2.52966e+04   -3.35041e+03    3.12548e+02   -5.91564e+01
   Constr. rmsd
    0.00000e+00

           Step           Time
         130500      261.00000

   Energies (kJ/mol)
           Bond          Angle    Proper Dih. Per. Imp. Dih.          LJ-14
    1.50549e+04    6.39353e+04    2.73332e+04    9.56273e+01    1.49644e+04
     Coulomb-14        LJ (SR)   Coulomb (SR)   Coul. recip.      Potential
   -6.55469e+03   -3.62625e+04   -2.33808e+05    1.15632e+03   -1.54085e+05
    Kinetic En.   Total Energy  Conserved En.    Temperature Pressure (bar)
    1.27969e+05   -2.61167e+04   -3.34030e+03    3.10160e+02    2.53295e+02
   Constr. rmsd
    0.00000e+00

           Step           Time
         131000      262.00000

   Energies (kJ/mol)
           Bond          Angle    Proper Dih. Per. Imp. Dih.          LJ-14
    1.50153e+04    6.34625e+04    2.73815e+04    9.94040e+01    1.48526e+04
     Coulomb-14        LJ (SR)   Coulomb (SR)   Coul. recip.      Potential
   -6.54369e+03   -3.66541e+04   -2.34255e+05    1.18524e+03   -1.55456e+05
    Kinetic En.   Total Energy  Conserved En.    Temperature Pressure (bar)
    1.26768e+05   -2.86878e+04   -3.20890e+03    3.07252e+02   -9.31261e+00
   Constr. rmsd
    0.00000e+00

           Step           Time
         131500      263.00000

   Energies (kJ/mol)
           Bond          Angle    Proper Dih. Per. Imp. Dih.          LJ-14
    1.54258e+04    6.34125e+04    2.75032e+04    1.11266e+02    1.49848e+04
     Coulomb-14        LJ (SR)   Coulomb (SR)   Coul. recip.      Potential
   -6.66802e+03   -3.68160e+04   -2.33770e+05    1.19884e+03   -1.54617e+05
    Kinetic En.   Total Energy  Conserved En.    Temperature Pressure (bar)
    1.27163e+05   -2.74547e+04   -3.28770e+03    3.08207e+02   -1.57968e+02
   Constr. rmsd
    0.00000e+00

           Step           Time
         132000      264.00000

   Energies (kJ/mol)
           Bond          Angle    Proper Dih. Per. Imp. Dih.          LJ-14
    1.48584e+04    6.30795e+04    2.74072e+04    1.07256e+02    1.50011e+04
     Coulomb-14        LJ (SR)   Coulomb (SR)   Coul. recip.      Potential
   -6.49658e+03   -3.61550e+04   -2.34634e+05    1.15501e+03   -1.55678e+05
    Kinetic En.   Total Energy  Conserved En.    Temperature Pressure (bar)
    1.28733e+05   -2.69449e+04   -3.37862e+03    3.12012e+02   -1.30070e+01
   Constr. rmsd
    0.00000e+00

           Step           Time
         132500      265.00000

   Energies (kJ/mol)
           Bond          Angle    Proper Dih. Per. Imp. Dih.          LJ-14
    1.52484e+04    6.36160e+04    2.72265e+04    1.21553e+02    1.48941e+04
     Coulomb-14        LJ (SR)   Coulomb (SR)   Coul. recip.      Potential
   -6.49906e+03   -3.68763e+04   -2.33475e+05    1.19802e+03   -1.54546e+05
    Kinetic En.   Total Energy  Conserved En.    Temperature Pressure (bar)
    1.27659e+05   -2.68867e+04   -3.28738e+03    3.09411e+02   -1.16793e+02
   Constr. rmsd
    0.00000e+00

           Step           Time
         133000      266.00000

   Energies (kJ/mol)
           Bond          Angle    Proper Dih. Per. Imp. Dih.          LJ-14
    1.50214e+04    6.36408e+04    2.74437e+04    1.32069e+02    1.50496e+04
     Coulomb-14        LJ (SR)   Coulomb (SR)   Coul. recip.      Potential
   -6.60291e+03   -3.65959e+04   -2.34471e+05    1.22306e+03   -1.55159e+05
    Kinetic En.   Total Energy  Conserved En.    Temperature Pressure (bar)
    1.28074e+05   -2.70845e+04   -3.23232e+03    3.10417e+02    2.18146e+02
   Constr. rmsd
    0.00000e+00

           Step           Time
         133500      267.00000

   Energies (kJ/mol)
           Bond          Angle    Proper Dih. Per. Imp. Dih.          LJ-14
    1.49621e+04    6.34273e+04    2.73983e+04    9.01204e+01    1.47322e+04
     Coulomb-14        LJ (SR)   Coulomb (SR)   Coul. recip.      Potential
   -6.63906e+03   -3.75070e+04   -2.33656e+05    1.20045e+03   -1.55992e+05
    Kinetic En.   Total Energy  Conserved En.    Temperature Pressure (bar)
    1.28316e+05   -2.76760e+04   -3.10539e+03    3.11002e+02   -3.49923e+02
   Constr. rmsd
    0.00000e+00

           Step           Time
         134000      268.00000

   Energies (kJ/mol)
           Bond          Angle    Proper Dih. Per. Imp. Dih.          LJ-14
    1.50047e+04    6.37691e+04    2.74189e+04    8.50737e+01    1.50394e+04
     Coulomb-14        LJ (SR)   Coulomb (SR)   Coul. recip.      Potential
   -6.49934e+03   -3.66598e+04   -2.34418e+05    1.18466e+03   -1.55075e+05
    Kinetic En.   Total Energy  Conserved En.    Temperature Pressure (bar)
    1.27950e+05   -2.71255e+04   -2.81689e+03    3.10115e+02    5.04307e+01
   Constr. rmsd
    0.00000e+00

           Step           Time
         134500      269.00000

   Energies (kJ/mol)
           Bond          Angle    Proper Dih. Per. Imp. Dih.          LJ-14
    1.48568e+04    6.34111e+04    2.73843e+04    1.05612e+02    1.50092e+04
     Coulomb-14        LJ (SR)   Coulomb (SR)   Coul. recip.      Potential
   -6.52429e+03   -3.76018e+04   -2.33184e+05    1.15802e+03   -1.55385e+05
    Kinetic En.   Total Energy  Conserved En.    Temperature Pressure (bar)
    1.27159e+05   -2.82265e+04   -2.66804e+03    3.08198e+02    2.25341e+02
   Constr. rmsd
    0.00000e+00

           Step           Time
         135000      270.00000

   Energies (kJ/mol)
           Bond          Angle    Proper Dih. Per. Imp. Dih.          LJ-14
    1.50133e+04    6.31571e+04    2.71940e+04    9.70291e+01    1.48643e+04
     Coulomb-14        LJ (SR)   Coulomb (SR)   Coul. recip.      Potential
   -6.50896e+03   -3.77269e+04   -2.33189e+05    1.18094e+03   -1.55919e+05
    Kinetic En.   Total Energy  Conserved En.    Temperature Pressure (bar)
    1.28045e+05   -2.78736e+04   -2.77142e+03    3.10345e+02   -1.28717e+02
   Constr. rmsd
    0.00000e+00

           Step           Time
         135500      271.00000

   Energies (kJ/mol)
           Bond          Angle    Proper Dih. Per. Imp. Dih.          LJ-14
    1.46118e+04    6.31367e+04    2.73882e+04    9.57709e+01    1.50672e+04
     Coulomb-14        LJ (SR)   Coulomb (SR)   Coul. recip.      Potential
   -6.51066e+03   -3.69558e+04   -2.33864e+05    1.18729e+03   -1.55843e+05
    Kinetic En.   Total Energy  Conserved En.    Temperature Pressure (bar)
    1.27874e+05   -2.79690e+04   -2.81334e+03    3.09931e+02    2.14550e+02
   Constr. rmsd
    0.00000e+00

           Step           Time
         136000      272.00000

   Energies (kJ/mol)
           Bond          Angle    Proper Dih. Per. Imp. Dih.          LJ-14
    1.50132e+04    6.35062e+04    2.73378e+04    9.88421e+01    1.47527e+04
     Coulomb-14        LJ (SR)   Coulomb (SR)   Coul. recip.      Potential
   -6.51302e+03   -3.55868e+04   -2.35471e+05    1.20060e+03   -1.55661e+05
    Kinetic En.   Total Energy  Conserved En.    Temperature Pressure (bar)
    1.27344e+05   -2.83169e+04   -2.86460e+03    3.08648e+02   -2.11062e+02
   Constr. rmsd
    0.00000e+00

           Step           Time
         136500      273.00000

   Energies (kJ/mol)
           Bond          Angle    Proper Dih. Per. Imp. Dih.          LJ-14
    1.50419e+04    6.35594e+04    2.75423e+04    9.41129e+01    1.50165e+04
     Coulomb-14        LJ (SR)   Coulomb (SR)   Coul. recip.      Potential
   -6.63124e+03   -3.64032e+04   -2.34564e+05    1.17028e+03   -1.55174e+05
    Kinetic En.   Total Energy  Conserved En.    Temperature Pressure (bar)
    1.28013e+05   -2.71613e+04   -2.83804e+03    3.10268e+02   -2.09043e+02
   Constr. rmsd
    0.00000e+00

           Step           Time
         137000      274.00000

   Energies (kJ/mol)
           Bond          Angle    Proper Dih. Per. Imp. Dih.          LJ-14
    1.50091e+04    6.40428e+04    2.75077e+04    8.28650e+01    1.50173e+04
     Coulomb-14        LJ (SR)   Coulomb (SR)   Coul. recip.      Potential
   -6.54010e+03   -3.72599e+04   -2.32824e+05    1.18329e+03   -1.53781e+05
    Kinetic En.   Total Energy  Conserved En.    Temperature Pressure (bar)
    1.29166e+05   -2.46148e+04   -2.79819e+03    3.13063e+02   -6.33569e+01
   Constr. rmsd
    0.00000e+00

           Step           Time
         137500      275.00000

   Energies (kJ/mol)
           Bond          Angle    Proper Dih. Per. Imp. Dih.          LJ-14
    1.44064e+04    6.35703e+04    2.73698e+04    9.52632e+01    1.49009e+04
     Coulomb-14        LJ (SR)   Coulomb (SR)   Coul. recip.      Potential
   -6.63463e+03   -3.77689e+04   -2.32736e+05    1.22414e+03   -1.55572e+05
    Kinetic En.   Total Energy  Conserved En.    Temperature Pressure (bar)
    1.27983e+05   -2.75888e+04   -2.62913e+03    3.10196e+02    1.10998e+02
   Constr. rmsd
    0.00000e+00

           Step           Time
         138000      276.00000

   Energies (kJ/mol)
           Bond          Angle    Proper Dih. Per. Imp. Dih.          LJ-14
    1.47915e+04    6.29856e+04    2.72588e+04    7.95235e+01    1.48171e+04
     Coulomb-14        LJ (SR)   Coulomb (SR)   Coul. recip.      Potential
   -6.52315e+03   -3.67981e+04   -2.34489e+05    1.22261e+03   -1.56655e+05
    Kinetic En.   Total Energy  Conserved En.    Temperature Pressure (bar)
    1.28777e+05   -2.78782e+04   -2.63599e+03    3.12118e+02    3.02509e+01
   Constr. rmsd
    0.00000e+00

           Step           Time
         138500      277.00000

   Energies (kJ/mol)
           Bond          Angle    Proper Dih. Per. Imp. Dih.          LJ-14
    1.45059e+04    6.39314e+04    2.73951e+04    8.13528e+01    1.49339e+04
     Coulomb-14        LJ (SR)   Coulomb (SR)   Coul. recip.      Potential
   -6.56135e+03   -3.70732e+04   -2.33505e+05    1.18851e+03   -1.55103e+05
    Kinetic En.   Total Energy  Conserved En.    Temperature Pressure (bar)
    1.27741e+05   -2.73619e+04   -2.32071e+03    3.09610e+02    2.97027e+01
   Constr. rmsd
    0.00000e+00

           Step           Time
         139000      278.00000

   Energies (kJ/mol)
           Bond          Angle    Proper Dih. Per. Imp. Dih.          LJ-14
    1.49836e+04    6.35822e+04    2.70904e+04    1.01503e+02    1.48878e+04
     Coulomb-14        LJ (SR)   Coulomb (SR)   Coul. recip.      Potential
   -6.56100e+03   -3.75107e+04   -2.33361e+05    1.15529e+03   -1.55632e+05
    Kinetic En.   Total Energy  Conserved En.    Temperature Pressure (bar)
    1.28036e+05   -2.75966e+04   -2.23793e+03    3.10323e+02   -8.46953e+01
   Constr. rmsd
    0.00000e+00

           Step           Time
         139500      279.00000

   Energies (kJ/mol)
           Bond          Angle    Proper Dih. Per. Imp. Dih.          LJ-14
    1.49834e+04    6.35718e+04    2.74352e+04    1.20451e+02    1.49033e+04
     Coulomb-14        LJ (SR)   Coulomb (SR)   Coul. recip.      Potential
   -6.55353e+03   -3.75070e+04   -2.33756e+05    1.20901e+03   -1.55593e+05
    Kinetic En.   Total Energy  Conserved En.    Temperature Pressure (bar)
    1.27854e+05   -2.77391e+04   -1.99496e+03    3.09883e+02   -1.26483e+01
   Constr. rmsd
    0.00000e+00

           Step           Time
         140000      280.00000

   Energies (kJ/mol)
           Bond          Angle    Proper Dih. Per. Imp. Dih.          LJ-14
    1.49769e+04    6.35035e+04    2.72520e+04    9.53862e+01    1.48400e+04
     Coulomb-14        LJ (SR)   Coulomb (SR)   Coul. recip.      Potential
   -6.57409e+03   -3.69746e+04   -2.34001e+05    1.21571e+03   -1.55666e+05
    Kinetic En.   Total Energy  Conserved En.    Temperature Pressure (bar)
    1.28305e+05   -2.73611e+04   -2.07450e+03    3.10976e+02    7.62892e+01
   Constr. rmsd
    0.00000e+00

           Step           Time
         140500      281.00000

   Energies (kJ/mol)
           Bond          Angle    Proper Dih. Per. Imp. Dih.          LJ-14
    1.50015e+04    6.38919e+04    2.74864e+04    9.09328e+01    1.51295e+04
     Coulomb-14        LJ (SR)   Coulomb (SR)   Coul. recip.      Potential
   -6.55873e+03   -3.76769e+04   -2.33448e+05    1.13208e+03   -1.54951e+05
    Kinetic En.   Total Energy  Conserved En.    Temperature Pressure (bar)
    1.29107e+05   -2.58444e+04   -1.91712e+03    3.12919e+02    4.09257e+01
   Constr. rmsd
    0.00000e+00

           Step           Time
         141000      282.00000

   Energies (kJ/mol)
           Bond          Angle    Proper Dih. Per. Imp. Dih.          LJ-14
    1.49239e+04    6.34538e+04    2.72709e+04    1.04445e+02    1.50924e+04
     Coulomb-14        LJ (SR)   Coulomb (SR)   Coul. recip.      Potential
   -6.55662e+03   -3.70936e+04   -2.34128e+05    1.14800e+03   -1.55785e+05
    Kinetic En.   Total Energy  Conserved En.    Temperature Pressure (bar)
    1.28375e+05   -2.74098e+04   -1.92471e+03    3.11146e+02    1.71815e+02
   Constr. rmsd
    0.00000e+00

           Step           Time
         141500      283.00000

   Energies (kJ/mol)
           Bond          Angle    Proper Dih. Per. Imp. Dih.          LJ-14
    1.51644e+04    6.32837e+04    2.73338e+04    1.02099e+02    1.50345e+04
     Coulomb-14        LJ (SR)   Coulomb (SR)   Coul. recip.      Potential
   -6.52150e+03   -3.76934e+04   -2.32959e+05    1.23508e+03   -1.55020e+05
    Kinetic En.   Total Energy  Conserved En.    Temperature Pressure (bar)
    1.27492e+05   -2.75284e+04   -1.94927e+03    3.09005e+02   -3.38923e+01
   Constr. rmsd
    0.00000e+00

           Step           Time
         142000      284.00000

   Energies (kJ/mol)
           Bond          Angle    Proper Dih. Per. Imp. Dih.          LJ-14
    1.48452e+04    6.39568e+04    2.76958e+04    8.86566e+01    1.49990e+04
     Coulomb-14        LJ (SR)   Coulomb (SR)   Coul. recip.      Potential
   -6.55150e+03   -3.74155e+04   -2.33468e+05    1.21163e+03   -1.54638e+05
    Kinetic En.   Total Energy  Conserved En.    Temperature Pressure (bar)
    1.28113e+05   -2.65245e+04   -1.81657e+03    3.10511e+02    1.32616e+02
   Constr. rmsd
    0.00000e+00

           Step           Time
         142500      285.00000

   Energies (kJ/mol)
           Bond          Angle    Proper Dih. Per. Imp. Dih.          LJ-14
    1.48395e+04    6.35564e+04    2.75093e+04    9.04667e+01    1.50916e+04
     Coulomb-14        LJ (SR)   Coulomb (SR)   Coul. recip.      Potential
   -6.59903e+03   -3.71958e+04   -2.34097e+05    1.21095e+03   -1.55594e+05
    Kinetic En.   Total Energy  Conserved En.    Temperature Pressure (bar)
    1.28230e+05   -2.73640e+04   -1.86339e+03    3.10793e+02    5.72661e+01
   Constr. rmsd
    0.00000e+00

           Step           Time
         143000      286.00000

   Energies (kJ/mol)
           Bond          Angle    Proper Dih. Per. Imp. Dih.          LJ-14
    1.51021e+04    6.35321e+04    2.75157e+04    1.04560e+02    1.49515e+04
     Coulomb-14        LJ (SR)   Coulomb (SR)   Coul. recip.      Potential
   -6.61231e+03   -3.75638e+04   -2.33388e+05    1.22727e+03   -1.55131e+05
    Kinetic En.   Total Energy  Conserved En.    Temperature Pressure (bar)
    1.27954e+05   -2.71763e+04   -1.76371e+03    3.10126e+02    2.49485e+01
   Constr. rmsd
    0.00000e+00

           Step           Time
         143500      287.00000

   Energies (kJ/mol)
           Bond          Angle    Proper Dih. Per. Imp. Dih.          LJ-14
    1.50143e+04    6.36756e+04    2.73598e+04    8.67963e+01    1.48999e+04
     Coulomb-14        LJ (SR)   Coulomb (SR)   Coul. recip.      Potential
   -6.50781e+03   -3.64951e+04   -2.34241e+05    1.13242e+03   -1.55075e+05
    Kinetic En.   Total Energy  Conserved En.    Temperature Pressure (bar)
    1.28359e+05   -2.67167e+04   -1.82681e+03    3.11106e+02   -1.04781e+02
   Constr. rmsd
    0.00000e+00

           Step           Time
         144000      288.00000

   Energies (kJ/mol)
           Bond          Angle    Proper Dih. Per. Imp. Dih.          LJ-14
    1.50211e+04    6.35128e+04    2.74156e+04    9.21262e+01    1.50099e+04
     Coulomb-14        LJ (SR)   Coulomb (SR)   Coul. recip.      Potential
   -6.55389e+03   -3.70843e+04   -2.34121e+05    1.16245e+03   -1.55545e+05
    Kinetic En.   Total Energy  Conserved En.    Temperature Pressure (bar)
    1.27824e+05   -2.77210e+04   -1.94521e+03    3.09809e+02    1.72763e+02
   Constr. rmsd
    0.00000e+00

           Step           Time
         144500      289.00000

   Energies (kJ/mol)
           Bond          Angle    Proper Dih. Per. Imp. Dih.          LJ-14
    1.49375e+04    6.34804e+04    2.72628e+04    1.18752e+02    1.47419e+04
     Coulomb-14        LJ (SR)   Coulomb (SR)   Coul. recip.      Potential
   -6.57869e+03   -3.72866e+04   -2.34882e+05    1.18494e+03   -1.57021e+05
    Kinetic En.   Total Energy  Conserved En.    Temperature Pressure (bar)
    1.26866e+05   -3.01553e+04   -1.90595e+03    3.07487e+02   -4.33072e+02
   Constr. rmsd
    0.00000e+00

           Step           Time
         145000      290.00000

   Energies (kJ/mol)
           Bond          Angle    Proper Dih. Per. Imp. Dih.          LJ-14
    1.53066e+04    6.40764e+04    2.73397e+04    1.02039e+02    1.50917e+04
     Coulomb-14        LJ (SR)   Coulomb (SR)   Coul. recip.      Potential
   -6.52694e+03   -3.73936e+04   -2.34059e+05    1.19028e+03   -1.54873e+05
    Kinetic En.   Total Energy  Conserved En.    Temperature Pressure (bar)
    1.27839e+05   -2.70338e+04   -1.80749e+03    3.09846e+02   -5.46652e+01
   Constr. rmsd
    0.00000e+00

           Step           Time
         145500      291.00000

   Energies (kJ/mol)
           Bond          Angle    Proper Dih. Per. Imp. Dih.          LJ-14
    1.52181e+04    6.38602e+04    2.71704e+04    9.42874e+01    1.50445e+04
     Coulomb-14        LJ (SR)   Coulomb (SR)   Coul. recip.      Potential
   -6.46459e+03   -3.69243e+04   -2.33855e+05    1.20601e+03   -1.54651e+05
    Kinetic En.   Total Energy  Conserved En.    Temperature Pressure (bar)
    1.28694e+05   -2.59571e+04   -1.85312e+03    3.11917e+02    1.86431e+02
   Constr. rmsd
    0.00000e+00

           Step           Time
         146000      292.00000

   Energies (kJ/mol)
           Bond          Angle    Proper Dih. Per. Imp. Dih.          LJ-14
    1.50306e+04    6.30458e+04    2.74145e+04    8.94086e+01    1.50749e+04
     Coulomb-14        LJ (SR)   Coulomb (SR)   Coul. recip.      Potential
   -6.62009e+03   -3.65629e+04   -2.35092e+05    1.16904e+03   -1.56451e+05
    Kinetic En.   Total Energy  Conserved En.    Temperature Pressure (bar)
    1.28754e+05   -2.76972e+04   -1.79157e+03    3.12063e+02    1.63811e+02
   Constr. rmsd
    0.00000e+00

           Step           Time
         146500      293.00000

   Energies (kJ/mol)
           Bond          Angle    Proper Dih. Per. Imp. Dih.          LJ-14
    1.49886e+04    6.36709e+04    2.73759e+04    8.17383e+01    1.49398e+04
     Coulomb-14        LJ (SR)   Coulomb (SR)   Coul. recip.      Potential
   -6.54121e+03   -3.68387e+04   -2.33985e+05    1.16706e+03   -1.55141e+05
    Kinetic En.   Total Energy  Conserved En.    Temperature Pressure (bar)
    1.27670e+05   -2.74706e+04   -1.82490e+03    3.09438e+02   -1.65163e+01
   Constr. rmsd
    0.00000e+00

           Step           Time
         147000      294.00000

   Energies (kJ/mol)
           Bond          Angle    Proper Dih. Per. Imp. Dih.          LJ-14
    1.51986e+04    6.37423e+04    2.73412e+04    9.83933e+01    1.50524e+04
     Coulomb-14        LJ (SR)   Coulomb (SR)   Coul. recip.      Potential
   -6.49354e+03   -3.70319e+04   -2.33876e+05    1.19431e+03   -1.54774e+05
    Kinetic En.   Total Energy  Conserved En.    Temperature Pressure (bar)
    1.27953e+05   -2.68205e+04   -1.76734e+03    3.10124e+02    1.40036e+02
   Constr. rmsd
    0.00000e+00

           Step           Time
         147500      295.00000

   Energies (kJ/mol)
           Bond          Angle    Proper Dih. Per. Imp. Dih.          LJ-14
    1.45821e+04    6.38313e+04    2.72423e+04    1.05656e+02    1.49821e+04
     Coulomb-14        LJ (SR)   Coulomb (SR)   Coul. recip.      Potential
   -6.40414e+03   -3.71243e+04   -2.34177e+05    1.23309e+03   -1.55729e+05
    Kinetic En.   Total Energy  Conserved En.    Temperature Pressure (bar)
    1.26819e+05   -2.89107e+04   -1.76986e+03    3.07373e+02   -1.82739e+01
   Constr. rmsd
    0.00000e+00

           Step           Time
         148000      296.00000

   Energies (kJ/mol)
           Bond          Angle    Proper Dih. Per. Imp. Dih.          LJ-14
    1.50515e+04    6.38016e+04    2.72540e+04    9.59444e+01    1.49270e+04
     Coulomb-14        LJ (SR)   Coulomb (SR)   Coul. recip.      Potential
   -6.59113e+03   -3.73110e+04   -2.33789e+05    1.27627e+03   -1.55285e+05
    Kinetic En.   Total Energy  Conserved En.    Temperature Pressure (bar)
    1.26884e+05   -2.84009e+04   -1.78077e+03    3.07531e+02   -1.52924e+02
   Constr. rmsd
    0.00000e+00

           Step           Time
         148500      297.00000

   Energies (kJ/mol)
           Bond          Angle    Proper Dih. Per. Imp. Dih.          LJ-14
    1.52204e+04    6.27222e+04    2.74419e+04    9.52484e+01    1.48485e+04
     Coulomb-14        LJ (SR)   Coulomb (SR)   Coul. recip.      Potential
   -6.60727e+03   -3.68647e+04   -2.34259e+05    1.16109e+03   -1.56241e+05
    Kinetic En.   Total Energy  Conserved En.    Temperature Pressure (bar)
    1.27895e+05   -2.83461e+04   -1.62945e+03    3.09982e+02   -2.58401e+02
   Constr. rmsd
    0.00000e+00

           Step           Time
         149000      298.00000

   Energies (kJ/mol)
           Bond          Angle    Proper Dih. Per. Imp. Dih.          LJ-14
    1.49774e+04    6.35068e+04    2.74284e+04    1.02388e+02    1.49041e+04
     Coulomb-14        LJ (SR)   Coulomb (SR)   Coul. recip.      Potential
   -6.49071e+03   -3.78507e+04   -2.33485e+05    1.17806e+03   -1.55729e+05
    Kinetic En.   Total Energy  Conserved En.    Temperature Pressure (bar)
    1.28751e+05   -2.69775e+04   -1.47269e+03    3.12058e+02   -3.22729e+02
   Constr. rmsd
    0.00000e+00

           Step           Time
         149500      299.00000

   Energies (kJ/mol)
           Bond          Angle    Proper Dih. Per. Imp. Dih.          LJ-14
    1.49224e+04    6.36764e+04    2.74133e+04    9.75842e+01    1.51241e+04
     Coulomb-14        LJ (SR)   Coulomb (SR)   Coul. recip.      Potential
   -6.54715e+03   -3.76840e+04   -2.32471e+05    1.25475e+03   -1.54214e+05
    Kinetic En.   Total Energy  Conserved En.    Temperature Pressure (bar)
    1.28661e+05   -2.55528e+04   -1.35598e+03    3.11838e+02    9.01825e+01
   Constr. rmsd
    0.00000e+00

           Step           Time
         150000      300.00000

   Energies (kJ/mol)
           Bond          Angle    Proper Dih. Per. Imp. Dih.          LJ-14
    1.47827e+04    6.34692e+04    2.74193e+04    1.32895e+02    1.50243e+04
     Coulomb-14        LJ (SR)   Coulomb (SR)   Coul. recip.      Potential
   -6.51498e+03   -3.59511e+04   -2.35293e+05    1.22727e+03   -1.55703e+05
    Kinetic En.   Total Energy  Conserved En.    Temperature Pressure (bar)
    1.28820e+05   -2.68828e+04   -1.23670e+03    3.12225e+02    2.08698e+02
   Constr. rmsd
    0.00000e+00

           Step           Time
         150500      301.00000

   Energies (kJ/mol)
           Bond          Angle    Proper Dih. Per. Imp. Dih.          LJ-14
    1.48136e+04    6.25327e+04    2.74699e+04    9.22526e+01    1.47971e+04
     Coulomb-14        LJ (SR)   Coulomb (SR)   Coul. recip.      Potential
   -6.56595e+03   -3.71478e+04   -2.34932e+05    1.16083e+03   -1.57779e+05
    Kinetic En.   Total Energy  Conserved En.    Temperature Pressure (bar)
    1.26426e+05   -3.13532e+04   -1.12275e+03    3.06422e+02    1.85038e+01
   Constr. rmsd
    0.00000e+00

           Step           Time
         151000      302.00000

   Energies (kJ/mol)
           Bond          Angle    Proper Dih. Per. Imp. Dih.          LJ-14
    1.49776e+04    6.33644e+04    2.76520e+04    1.03166e+02    1.49055e+04
     Coulomb-14        LJ (SR)   Coulomb (SR)   Coul. recip.      Potential
   -6.41732e+03   -3.76804e+04   -2.34415e+05    1.22940e+03   -1.56281e+05
    Kinetic En.   Total Energy  Conserved En.    Temperature Pressure (bar)
    1.28333e+05   -2.79480e+04   -9.34914e+02    3.11042e+02    7.58308e+01
   Constr. rmsd
    0.00000e+00

           Step           Time
         151500      303.00000

   Energies (kJ/mol)
           Bond          Angle    Proper Dih. Per. Imp. Dih.          LJ-14
    1.45703e+04    6.30114e+04    2.72152e+04    1.09596e+02    1.51956e+04
     Coulomb-14        LJ (SR)   Coulomb (SR)   Coul. recip.      Potential
   -6.56844e+03   -3.69716e+04   -2.34817e+05    1.16168e+03   -1.57093e+05
    Kinetic En.   Total Energy  Conserved En.    Temperature Pressure (bar)
    1.28351e+05   -2.87421e+04   -9.64676e+02    3.11088e+02    4.36172e+02
   Constr. rmsd
    0.00000e+00

           Step           Time
         152000      304.00000

   Energies (kJ/mol)
           Bond          Angle    Proper Dih. Per. Imp. Dih.          LJ-14
    1.48472e+04    6.28647e+04    2.73787e+04    1.26664e+02    1.50259e+04
     Coulomb-14        LJ (SR)   Coulomb (SR)   Coul. recip.      Potential
   -6.51707e+03   -3.79845e+04   -2.34329e+05    1.18261e+03   -1.57405e+05
    Kinetic En.   Total Energy  Conserved En.    Temperature Pressure (bar)
    1.26532e+05   -3.08727e+04   -8.61748e+02    3.06679e+02   -3.29528e+01
   Constr. rmsd
    0.00000e+00

           Step           Time
         152500      305.00000

   Energies (kJ/mol)
           Bond          Angle    Proper Dih. Per. Imp. Dih.          LJ-14
    1.47166e+04    6.34504e+04    2.74122e+04    1.06697e+02    1.50216e+04
     Coulomb-14        LJ (SR)   Coulomb (SR)   Coul. recip.      Potential
   -6.58596e+03   -3.74297e+04   -2.33645e+05    1.23573e+03   -1.55717e+05
    Kinetic En.   Total Energy  Conserved En.    Temperature Pressure (bar)
    1.27840e+05   -2.78774e+04   -9.43576e+02    3.09848e+02    3.88420e+01
   Constr. rmsd
    0.00000e+00

           Step           Time
         153000      306.00000

   Energies (kJ/mol)
           Bond          Angle    Proper Dih. Per. Imp. Dih.          LJ-14
    1.49550e+04    6.34040e+04    2.74583e+04    9.23673e+01    1.49744e+04
     Coulomb-14        LJ (SR)   Coulomb (SR)   Coul. recip.      Potential
   -6.46300e+03   -3.72296e+04   -2.34184e+05    1.22848e+03   -1.55764e+05
    Kinetic En.   Total Energy  Conserved En.    Temperature Pressure (bar)
    1.27009e+05   -2.87550e+04   -8.29406e+02    3.07834e+02    1.67545e+01
   Constr. rmsd
    0.00000e+00

           Step           Time
         153500      307.00000

   Energies (kJ/mol)
           Bond          Angle    Proper Dih. Per. Imp. Dih.          LJ-14
    1.51519e+04    6.29431e+04    2.73600e+04    1.05870e+02    1.49809e+04
     Coulomb-14        LJ (SR)   Coulomb (SR)   Coul. recip.      Potential
   -6.48842e+03   -3.68978e+04   -2.34756e+05    1.23492e+03   -1.56366e+05
    Kinetic En.   Total Energy  Conserved En.    Temperature Pressure (bar)
    1.27999e+05   -2.83668e+04   -8.66406e+02    3.10233e+02    3.24835e+01
   Constr. rmsd
    0.00000e+00

           Step           Time
         154000      308.00000

   Energies (kJ/mol)
           Bond          Angle    Proper Dih. Per. Imp. Dih.          LJ-14
    1.48477e+04    6.22578e+04    2.74212e+04    1.00763e+02    1.50948e+04
     Coulomb-14        LJ (SR)   Coulomb (SR)   Coul. recip.      Potential
   -6.50135e+03   -3.69917e+04   -2.34533e+05    1.20563e+03   -1.57098e+05
    Kinetic En.   Total Energy  Conserved En.    Temperature Pressure (bar)
    1.27891e+05   -2.92071e+04   -1.00619e+03    3.09972e+02    1.68574e+02
   Constr. rmsd
    0.00000e+00

           Step           Time
         154500      309.00000

   Energies (kJ/mol)
           Bond          Angle    Proper Dih. Per. Imp. Dih.          LJ-14
    1.48620e+04    6.39163e+04    2.74538e+04    1.13768e+02    1.48960e+04
     Coulomb-14        LJ (SR)   Coulomb (SR)   Coul. recip.      Potential
   -6.54181e+03   -3.75800e+04   -2.33376e+05    1.16664e+03   -1.55089e+05
    Kinetic En.   Total Energy  Conserved En.    Temperature Pressure (bar)
    1.27816e+05   -2.72731e+04   -8.64684e+02    3.09791e+02   -5.92374e+01
   Constr. rmsd
    0.00000e+00

           Step           Time
         155000      310.00000

   Energies (kJ/mol)
           Bond          Angle    Proper Dih. Per. Imp. Dih.          LJ-14
    1.50643e+04    6.35378e+04    2.75858e+04    1.00279e+02    1.49876e+04
     Coulomb-14        LJ (SR)   Coulomb (SR)   Coul. recip.      Potential
   -6.52870e+03   -3.64208e+04   -2.34830e+05    1.18289e+03   -1.55321e+05
    Kinetic En.   Total Energy  Conserved En.    Temperature Pressure (bar)
    1.28535e+05   -2.67859e+04   -9.03150e+02    3.11533e+02    1.53358e+01
   Constr. rmsd
    0.00000e+00

           Step           Time
         155500      311.00000

   Energies (kJ/mol)
           Bond          Angle    Proper Dih. Per. Imp. Dih.          LJ-14
    1.44842e+04    6.30588e+04    2.75994e+04    9.46465e+01    1.48465e+04
     Coulomb-14        LJ (SR)   Coulomb (SR)   Coul. recip.      Potential
   -6.45518e+03   -3.69388e+04   -2.34299e+05    1.16135e+03   -1.56448e+05
    Kinetic En.   Total Energy  Conserved En.    Temperature Pressure (bar)
    1.28235e+05   -2.82135e+04   -9.51047e+02    3.10805e+02   -6.83948e+01
   Constr. rmsd
    0.00000e+00

           Step           Time
         156000      312.00000

   Energies (kJ/mol)
           Bond          Angle    Proper Dih. Per. Imp. Dih.          LJ-14
    1.49539e+04    6.34743e+04    2.75225e+04    1.08063e+02    1.49977e+04
     Coulomb-14        LJ (SR)   Coulomb (SR)   Coul. recip.      Potential
   -6.51349e+03   -3.58333e+04   -2.34659e+05    1.13464e+03   -1.54814e+05
    Kinetic En.   Total Energy  Conserved En.    Temperature Pressure (bar)
    1.29277e+05   -2.55374e+04   -1.08114e+03    3.13332e+02    1.51459e+02
   Constr. rmsd
    0.00000e+00

           Step           Time
         156500      313.00000

   Energies (kJ/mol)
           Bond          Angle    Proper Dih. Per. Imp. Dih.          LJ-14
    1.50270e+04    6.36691e+04    2.75275e+04    8.76352e+01    1.51038e+04
     Coulomb-14        LJ (SR)   Coulomb (SR)   Coul. recip.      Potential
   -6.55521e+03   -3.69920e+04   -2.33159e+05    1.20039e+03   -1.54091e+05
    Kinetic En.   Total Energy  Conserved En.    Temperature Pressure (bar)
    1.28526e+05   -2.55650e+04   -9.28816e+02    3.11512e+02    2.56200e+02
   Constr. rmsd
    0.00000e+00

           Step           Time
         157000      314.00000

   Energies (kJ/mol)
           Bond          Angle    Proper Dih. Per. Imp. Dih.          LJ-14
    1.48279e+04    6.32262e+04    2.74354e+04    9.88652e+01    1.50480e+04
     Coulomb-14        LJ (SR)   Coulomb (SR)   Coul. recip.      Potential
   -6.55812e+03   -3.69115e+04   -2.33316e+05    1.18319e+03   -1.54966e+05
    Kinetic En.   Total Energy  Conserved En.    Temperature Pressure (bar)
    1.28165e+05   -2.68014e+04   -8.18039e+02    3.10636e+02    1.46581e+02
   Constr. rmsd
    0.00000e+00

           Step           Time
         157500      315.00000

   Energies (kJ/mol)
           Bond          Angle    Proper Dih. Per. Imp. Dih.          LJ-14
    1.45083e+04    6.37932e+04    2.73578e+04    1.05540e+02    1.50017e+04
     Coulomb-14        LJ (SR)   Coulomb (SR)   Coul. recip.      Potential
   -6.60462e+03   -3.69436e+04   -2.33934e+05    1.17158e+03   -1.55544e+05
    Kinetic En.   Total Energy  Conserved En.    Temperature Pressure (bar)
    1.28720e+05   -2.68240e+04   -7.42074e+02    3.11982e+02    1.63305e+02
   Constr. rmsd
    0.00000e+00

           Step           Time
         158000      316.00000

   Energies (kJ/mol)
           Bond          Angle    Proper Dih. Per. Imp. Dih.          LJ-14
    1.46737e+04    6.23450e+04    2.75890e+04    9.49852e+01    1.49097e+04
     Coulomb-14        LJ (SR)   Coulomb (SR)   Coul. recip.      Potential
   -6.55059e+03   -3.73005e+04   -2.34220e+05    1.18302e+03   -1.57275e+05
    Kinetic En.   Total Energy  Conserved En.    Temperature Pressure (bar)
    1.27250e+05   -3.00251e+04   -6.79650e+02    3.08419e+02    8.02489e+01
   Constr. rmsd
    0.00000e+00

           Step           Time
         158500      317.00000

   Energies (kJ/mol)
           Bond          Angle    Proper Dih. Per. Imp. Dih.          LJ-14
    1.44243e+04    6.35719e+04    2.76699e+04    1.06428e+02    1.51195e+04
     Coulomb-14        LJ (SR)   Coulomb (SR)   Coul. recip.      Potential
   -6.49230e+03   -3.62452e+04   -2.35741e+05    1.25641e+03   -1.56330e+05
    Kinetic En.   Total Energy  Conserved En.    Temperature Pressure (bar)
    1.27290e+05   -2.90402e+04   -5.68910e+02    3.08515e+02    3.17654e+02
   Constr. rmsd
    0.00000e+00

           Step           Time
         159000      318.00000

   Energies (kJ/mol)
           Bond          Angle    Proper Dih. Per. Imp. Dih.          LJ-14
    1.51688e+04    6.31894e+04    2.73824e+04    9.99657e+01    1.50217e+04
     Coulomb-14        LJ (SR)   Coulomb (SR)   Coul. recip.      Potential
   -6.51906e+03   -3.66912e+04   -2.34223e+05    1.28084e+03   -1.55291e+05
    Kinetic En.   Total Energy  Conserved En.    Temperature Pressure (bar)
    1.28145e+05   -2.71452e+04   -6.59316e+02    3.10589e+02    2.35024e+02
   Constr. rmsd
    0.00000e+00

           Step           Time
         159500      319.00000

   Energies (kJ/mol)
           Bond          Angle    Proper Dih. Per. Imp. Dih.          LJ-14
    1.53318e+04    6.28957e+04    2.76206e+04    1.16833e+02    1.48279e+04
     Coulomb-14        LJ (SR)   Coulomb (SR)   Coul. recip.      Potential
   -6.54836e+03   -3.67771e+04   -2.33629e+05    1.18374e+03   -1.54978e+05
    Kinetic En.   Total Energy  Conserved En.    Temperature Pressure (bar)
    1.28372e+05   -2.66061e+04   -8.22967e+02    3.11138e+02   -2.21141e+02
   Constr. rmsd
    0.00000e+00

           Step           Time
         160000      320.00000

   Energies (kJ/mol)
           Bond          Angle    Proper Dih. Per. Imp. Dih.          LJ-14
    1.50499e+04    6.40161e+04    2.75195e+04    1.05522e+02    1.49475e+04
     Coulomb-14        LJ (SR)   Coulomb (SR)   Coul. recip.      Potential
   -6.41361e+03   -3.73651e+04   -2.33368e+05    1.20297e+03   -1.54305e+05
    Kinetic En.   Total Energy  Conserved En.    Temperature Pressure (bar)
    1.28453e+05   -2.58519e+04   -6.33451e+02    3.11335e+02   -1.91855e+02
   Constr. rmsd
    0.00000e+00

           Step           Time
         160500      321.00000

   Energies (kJ/mol)
           Bond          Angle    Proper Dih. Per. Imp. Dih.          LJ-14
    1.49957e+04    6.36139e+04    2.76171e+04    9.30295e+01    1.50477e+04
     Coulomb-14        LJ (SR)   Coulomb (SR)   Coul. recip.      Potential
   -6.56768e+03   -3.73344e+04   -2.32546e+05    1.15677e+03   -1.53924e+05
    Kinetic En.   Total Energy  Conserved En.    Temperature Pressure (bar)
    1.28442e+05   -2.54824e+04   -7.78143e+02    3.11307e+02   -8.73964e+01
   Constr. rmsd
    0.00000e+00

           Step           Time
         161000      322.00000

   Energies (kJ/mol)
           Bond          Angle    Proper Dih. Per. Imp. Dih.          LJ-14
    1.52972e+04    6.34650e+04    2.73422e+04    1.11254e+02    1.49481e+04
     Coulomb-14        LJ (SR)   Coulomb (SR)   Coul. recip.      Potential
   -6.54569e+03   -3.74725e+04   -2.32742e+05    1.22941e+03   -1.54367e+05
    Kinetic En.   Total Energy  Conserved En.    Temperature Pressure (bar)
    1.28474e+05   -2.58932e+04   -9.18469e+02    3.11386e+02   -3.08436e+02
   Constr. rmsd
    0.00000e+00

           Step           Time
         161500      323.00000

   Energies (kJ/mol)
           Bond          Angle    Proper Dih. Per. Imp. Dih.          LJ-14
    1.48728e+04    6.32952e+04    2.72940e+04    1.01389e+02    1.47903e+04
     Coulomb-14        LJ (SR)   Coulomb (SR)   Coul. recip.      Potential
   -6.49333e+03   -3.62281e+04   -2.34877e+05    1.19156e+03   -1.56053e+05
    Kinetic En.   Total Energy  Conserved En.    Temperature Pressure (bar)
    1.27221e+05   -2.88319e+04   -7.96238e+02    3.08348e+02   -1.88396e+02
   Constr. rmsd
    0.00000e+00

           Step           Time
         162000      324.00000

   Energies (kJ/mol)
           Bond          Angle    Proper Dih. Per. Imp. Dih.          LJ-14
    1.48297e+04    6.31831e+04    2.76595e+04    9.82596e+01    1.50490e+04
     Coulomb-14        LJ (SR)   Coulomb (SR)   Coul. recip.      Potential
   -6.48426e+03   -3.79851e+04   -2.33050e+05    1.20168e+03   -1.55498e+05
    Kinetic En.   Total Energy  Conserved En.    Temperature Pressure (bar)
    1.27369e+05   -2.81298e+04   -7.17914e+02    3.08706e+02    1.45025e+01
   Constr. rmsd
    0.00000e+00

           Step           Time
         162500      325.00000

   Energies (kJ/mol)
           Bond          Angle    Proper Dih. Per. Imp. Dih.          LJ-14
    1.49190e+04    6.36422e+04    2.74495e+04    9.29477e+01    1.51147e+04
     Coulomb-14        LJ (SR)   Coulomb (SR)   Coul. recip.      Potential
   -6.49410e+03   -3.63434e+04   -2.34581e+05    1.18773e+03   -1.55013e+05
    Kinetic En.   Total Energy  Conserved En.    Temperature Pressure (bar)
    1.28736e+05   -2.62767e+04   -7.41160e+02    3.12021e+02    2.13514e+02
   Constr. rmsd
    0.00000e+00

           Step           Time
         163000      326.00000

   Energies (kJ/mol)
           Bond          Angle    Proper Dih. Per. Imp. Dih.          LJ-14
    1.48433e+04    6.38197e+04    2.75127e+04    8.02615e+01    1.50447e+04
     Coulomb-14        LJ (SR)   Coulomb (SR)   Coul. recip.      Potential
   -6.55386e+03   -3.73669e+04   -2.32885e+05    1.18048e+03   -1.54324e+05
    Kinetic En.   Total Energy  Conserved En.    Temperature Pressure (bar)
    1.28490e+05   -2.58344e+04   -7.97277e+02    3.11424e+02   -1.38051e+02
   Constr. rmsd
    0.00000e+00

           Step           Time
         163500      327.00000

   Energies (kJ/mol)
           Bond          Angle    Proper Dih. Per. Imp. Dih.          LJ-14
    1.49046e+04    6.32675e+04    2.74982e+04    1.17160e+02    1.50127e+04
     Coulomb-14        LJ (SR)   Coulomb (SR)   Coul. recip.      Potential
   -6.50912e+03   -3.77216e+04   -2.33032e+05    1.19595e+03   -1.55267e+05
    Kinetic En.   Total Energy  Conserved En.    Temperature Pressure (bar)
    1.28598e+05   -2.66690e+04   -5.34965e+02    3.11686e+02    2.66502e+00
   Constr. rmsd
    0.00000e+00

           Step           Time
         164000      328.00000

   Energies (kJ/mol)
           Bond          Angle    Proper Dih. Per. Imp. Dih.          LJ-14
    1.48245e+04    6.38599e+04    2.74804e+04    1.00239e+02    1.49649e+04
     Coulomb-14        LJ (SR)   Coulomb (SR)   Coul. recip.      Potential
   -6.53113e+03   -3.70538e+04   -2.33821e+05    1.19966e+03   -1.54976e+05
    Kinetic En.   Total Energy  Conserved En.    Temperature Pressure (bar)
    1.28811e+05   -2.61652e+04   -5.65609e+02    3.12202e+02    3.71150e+01
   Constr. rmsd
    0.00000e+00

           Step           Time
         164500      329.00000

   Energies (kJ/mol)
           Bond          Angle    Proper Dih. Per. Imp. Dih.          LJ-14
    1.49008e+04    6.38073e+04    2.74588e+04    1.19977e+02    1.49718e+04
     Coulomb-14        LJ (SR)   Coulomb (SR)   Coul. recip.      Potential
   -6.60956e+03   -3.79869e+04   -2.33369e+05    1.21356e+03   -1.55493e+05
    Kinetic En.   Total Energy  Conserved En.    Temperature Pressure (bar)
    1.27787e+05   -2.77059e+04   -4.35498e+02    3.09721e+02   -1.01293e+02
   Constr. rmsd
    0.00000e+00

           Step           Time
         165000      330.00000

   Energies (kJ/mol)
           Bond          Angle    Proper Dih. Per. Imp. Dih.          LJ-14
    1.47419e+04    6.36783e+04    2.76668e+04    1.06558e+02    1.51820e+04
     Coulomb-14        LJ (SR)   Coulomb (SR)   Coul. recip.      Potential
   -6.52877e+03   -3.67483e+04   -2.33805e+05    1.21116e+03   -1.54495e+05
    Kinetic En.   Total Energy  Conserved En.    Temperature Pressure (bar)
    1.28759e+05   -2.57358e+04   -2.93320e+02    3.12077e+02    2.57916e+02
   Constr. rmsd
    0.00000e+00

           Step           Time
         165500      331.00000

   Energies (kJ/mol)
           Bond          Angle    Proper Dih. Per. Imp. Dih.          LJ-14
    1.50937e+04    6.23549e+04    2.75211e+04    9.96218e+01    1.49453e+04
     Coulomb-14        LJ (SR)   Coulomb (SR)   Coul. recip.      Potential
   -6.51332e+03   -3.72786e+04   -2.34808e+05    1.16517e+03   -1.57420e+05
    Kinetic En.   Total Energy  Conserved En.    Temperature Pressure (bar)
    1.26769e+05   -3.06515e+04   -3.39861e+02    3.07252e+02   -3.21283e+02
   Constr. rmsd
    0.00000e+00

           Step           Time
         166000      332.00000

   Energies (kJ/mol)
           Bond          Angle    Proper Dih. Per. Imp. Dih.          LJ-14
    1.50909e+04    6.39447e+04    2.74095e+04    9.25336e+01    1.50880e+04
     Coulomb-14        LJ (SR)   Coulomb (SR)   Coul. recip.      Potential
   -6.50951e+03   -3.62006e+04   -2.34637e+05    1.20588e+03   -1.54515e+05
    Kinetic En.   Total Energy  Conserved En.    Temperature Pressure (bar)
    1.27835e+05   -2.66805e+04   -4.08910e+02    3.09836e+02    1.23152e+02
   Constr. rmsd
    0.00000e+00

           Step           Time
         166500      333.00000

   Energies (kJ/mol)
           Bond          Angle    Proper Dih. Per. Imp. Dih.          LJ-14
    1.50467e+04    6.35421e+04    2.73119e+04    7.68367e+01    1.47618e+04
     Coulomb-14        LJ (SR)   Coulomb (SR)   Coul. recip.      Potential
   -6.54661e+03   -3.76733e+04   -2.33786e+05    1.23231e+03   -1.56035e+05
    Kinetic En.   Total Energy  Conserved En.    Temperature Pressure (bar)
    1.27753e+05   -2.82819e+04   -3.45832e+02    3.09637e+02   -3.27397e+02
   Constr. rmsd
    0.00000e+00

           Step           Time
         167000      334.00000

   Energies (kJ/mol)
           Bond          Angle    Proper Dih. Per. Imp. Dih.          LJ-14
    1.51853e+04    6.34048e+04    2.72216e+04    1.20049e+02    1.49601e+04
     Coulomb-14        LJ (SR)   Coulomb (SR)   Coul. recip.      Potential
   -6.47103e+03   -3.73433e+04   -2.33893e+05    1.17384e+03   -1.55641e+05
    Kinetic En.   Total Energy  Conserved En.    Temperature Pressure (bar)
    1.29235e+05   -2.64067e+04   -1.23104e+02    3.13229e+02    8.02745e+01
   Constr. rmsd
    0.00000e+00

           Step           Time
         167500      335.00000

   Energies (kJ/mol)
           Bond          Angle    Proper Dih. Per. Imp. Dih.          LJ-14
    1.48410e+04    6.27622e+04    2.73601e+04    1.00787e+02    1.48963e+04
     Coulomb-14        LJ (SR)   Coulomb (SR)   Coul. recip.      Potential
   -6.46667e+03   -3.72501e+04   -2.34151e+05    1.11699e+03   -1.56790e+05
    Kinetic En.   Total Energy  Conserved En.    Temperature Pressure (bar)
    1.26570e+05   -3.02204e+04    5.89062e+01    3.06771e+02    9.05548e+01
   Constr. rmsd
    0.00000e+00

           Step           Time
         168000      336.00000

   Energies (kJ/mol)
           Bond          Angle    Proper Dih. Per. Imp. Dih.          LJ-14
    1.52183e+04    6.33666e+04    2.72896e+04    1.03746e+02    1.47129e+04
     Coulomb-14        LJ (SR)   Coulomb (SR)   Coul. recip.      Potential
   -6.51408e+03   -3.74149e+04   -2.34134e+05    1.22434e+03   -1.56147e+05
    Kinetic En.   Total Energy  Conserved En.    Temperature Pressure (bar)
    1.28168e+05   -2.79792e+04   -2.33984e+00    3.10643e+02   -2.27537e+02
   Constr. rmsd
    0.00000e+00

           Step           Time
         168500      337.00000

   Energies (kJ/mol)
           Bond          Angle    Proper Dih. Per. Imp. Dih.          LJ-14
    1.46781e+04    6.36285e+04    2.74317e+04    1.09991e+02    1.50535e+04
     Coulomb-14        LJ (SR)   Coulomb (SR)   Coul. recip.      Potential
   -6.44845e+03   -3.75026e+04   -2.33556e+05    1.19888e+03   -1.55406e+05
    Kinetic En.   Total Energy  Conserved En.    Temperature Pressure (bar)
    1.27869e+05   -2.75371e+04   -2.68020e+02    3.09919e+02    2.46589e+02
   Constr. rmsd
    0.00000e+00

           Step           Time
         169000      338.00000

   Energies (kJ/mol)
           Bond          Angle    Proper Dih. Per. Imp. Dih.          LJ-14
    1.49319e+04    6.36366e+04    2.72688e+04    8.04189e+01    1.49664e+04
     Coulomb-14        LJ (SR)   Coulomb (SR)   Coul. recip.      Potential
   -6.53808e+03   -3.68173e+04   -2.34853e+05    1.14592e+03   -1.56179e+05
    Kinetic En.   Total Energy  Conserved En.    Temperature Pressure (bar)
    1.27299e+05   -2.88799e+04    2.05898e+01    3.08537e+02   -2.50895e+02
   Constr. rmsd
    0.00000e+00

           Step           Time
         169500      339.00000

   Energies (kJ/mol)
           Bond          Angle    Proper Dih. Per. Imp. Dih.          LJ-14
    1.52874e+04    6.38285e+04    2.74520e+04    7.67890e+01    1.49514e+04
     Coulomb-14        LJ (SR)   Coulomb (SR)   Coul. recip.      Potential
   -6.43235e+03   -3.75716e+04   -2.33030e+05    1.22325e+03   -1.54215e+05
    Kinetic En.   Total Energy  Conserved En.    Temperature Pressure (bar)
    1.29132e+05   -2.50826e+04   -5.16328e+01    3.12980e+02    3.38141e+01
   Constr. rmsd
    0.00000e+00

           Step           Time
         170000      340.00000

   Energies (kJ/mol)
           Bond          Angle    Proper Dih. Per. Imp. Dih.          LJ-14
    1.45788e+04    6.27758e+04    2.73835e+04    1.09580e+02    1.51241e+04
     Coulomb-14        LJ (SR)   Coulomb (SR)   Coul. recip.      Potential
   -6.52038e+03   -3.80951e+04   -2.33171e+05    1.19087e+03   -1.56624e+05
    Kinetic En.   Total Energy  Conserved En.    Temperature Pressure (bar)
    1.26761e+05   -2.98630e+04   -4.77070e+01    3.07234e+02    1.01839e+02
   Constr. rmsd
    0.00000e+00

           Step           Time
         170500      341.00000

   Energies (kJ/mol)
           Bond          Angle    Proper Dih. Per. Imp. Dih.          LJ-14
    1.49992e+04    6.32709e+04    2.72189e+04    8.98231e+01    1.49696e+04
     Coulomb-14        LJ (SR)   Coulomb (SR)   Coul. recip.      Potential
   -6.50536e+03   -3.71652e+04   -2.33997e+05    1.22985e+03   -1.55889e+05
    Kinetic En.   Total Energy  Conserved En.    Temperature Pressure (bar)
    1.27710e+05   -2.81787e+04    1.45578e+02    3.09534e+02   -6.26640e+01
   Constr. rmsd
    0.00000e+00

           Step           Time
         171000      342.00000

   Energies (kJ/mol)
           Bond          Angle    Proper Dih. Per. Imp. Dih.          LJ-14
    1.50429e+04    6.36939e+04    2.74777e+04    9.44572e+01    1.47566e+04
     Coulomb-14        LJ (SR)   Coulomb (SR)   Coul. recip.      Potential
   -6.53980e+03   -3.66457e+04   -2.34217e+05    1.20385e+03   -1.55133e+05
    Kinetic En.   Total Energy  Conserved En.    Temperature Pressure (bar)
    1.28591e+05   -2.65424e+04    2.72432e+02    3.11668e+02    8.12732e+01
   Constr. rmsd
    0.00000e+00

           Step           Time
         171500      343.00000

   Energies (kJ/mol)
           Bond          Angle    Proper Dih. Per. Imp. Dih.          LJ-14
    1.49632e+04    6.36329e+04    2.71611e+04    9.00883e+01    1.49541e+04
     Coulomb-14        LJ (SR)   Coulomb (SR)   Coul. recip.      Potential
   -6.47896e+03   -3.65927e+04   -2.34567e+05    1.20412e+03   -1.55633e+05
    Kinetic En.   Total Energy  Conserved En.    Temperature Pressure (bar)
    1.28311e+05   -2.73222e+04    1.24938e+02    3.10989e+02    1.03379e+02
   Constr. rmsd
    0.00000e+00

           Step           Time
         172000      344.00000

   Energies (kJ/mol)
           Bond          Angle    Proper Dih. Per. Imp. Dih.          LJ-14
    1.50337e+04    6.28235e+04    2.72245e+04    8.84591e+01    1.48857e+04
     Coulomb-14        LJ (SR)   Coulomb (SR)   Coul. recip.      Potential
   -6.48735e+03   -3.70982e+04   -2.34732e+05    1.19789e+03   -1.57064e+05
    Kinetic En.   Total Energy  Conserved En.    Temperature Pressure (bar)
    1.26575e+05   -3.04891e+04    1.48102e+02    3.06782e+02   -2.86739e+02
   Constr. rmsd
    0.00000e+00

           Step           Time
         172500      345.00000

   Energies (kJ/mol)
           Bond          Angle    Proper Dih. Per. Imp. Dih.          LJ-14
    1.48637e+04    6.30151e+04    2.73843e+04    8.87671e+01    1.48844e+04
     Coulomb-14        LJ (SR)   Coulomb (SR)   Coul. recip.      Potential
   -6.48911e+03   -3.69552e+04   -2.34882e+05    1.13230e+03   -1.56957e+05
    Kinetic En.   Total Energy  Conserved En.    Temperature Pressure (bar)
    1.28099e+05   -2.88582e+04    2.02215e+02    3.10477e+02   -7.02737e+01
   Constr. rmsd
    0.00000e+00

           Step           Time
         173000      346.00000

   Energies (kJ/mol)
           Bond          Angle    Proper Dih. Per. Imp. Dih.          LJ-14
    1.51295e+04    6.30975e+04    2.72555e+04    9.63891e+01    1.49514e+04
     Coulomb-14        LJ (SR)   Coulomb (SR)   Coul. recip.      Potential
   -6.48112e+03   -3.70188e+04   -2.34648e+05    1.22129e+03   -1.56396e+05
    Kinetic En.   Total Energy  Conserved En.    Temperature Pressure (bar)
    1.27692e+05   -2.87044e+04    1.35168e+02    3.09490e+02   -1.76147e+02
   Constr. rmsd
    0.00000e+00

           Step           Time
         173500      347.00000

   Energies (kJ/mol)
           Bond          Angle    Proper Dih. Per. Imp. Dih.          LJ-14
    1.49484e+04    6.32495e+04    2.74778e+04    1.00781e+02    1.49270e+04
     Coulomb-14        LJ (SR)   Coulomb (SR)   Coul. recip.      Potential
   -6.52094e+03   -3.68221e+04   -2.34245e+05    1.20160e+03   -1.55683e+05
    Kinetic En.   Total Energy  Conserved En.    Temperature Pressure (bar)
    1.27471e+05   -2.82126e+04    1.23465e+02    3.08954e+02   -1.28201e+02
   Constr. rmsd
    0.00000e+00

           Step           Time
         174000      348.00000

   Energies (kJ/mol)
           Bond          Angle    Proper Dih. Per. Imp. Dih.          LJ-14
    1.53006e+04    6.31874e+04    2.72542e+04    8.38605e+01    1.49098e+04
     Coulomb-14        LJ (SR)   Coulomb (SR)   Coul. recip.      Potential
   -6.53763e+03   -3.76905e+04   -2.33795e+05    1.16276e+03   -1.56125e+05
    Kinetic En.   Total Energy  Conserved En.    Temperature Pressure (bar)
    1.27376e+05   -2.87490e+04    3.50254e+02    3.08724e+02   -3.03340e+02
   Constr. rmsd
    0.00000e+00

           Step           Time
         174500      349.00000

   Energies (kJ/mol)
           Bond          Angle    Proper Dih. Per. Imp. Dih.          LJ-14
    1.44742e+04    6.33284e+04    2.73601e+04    8.62539e+01    1.50718e+04
     Coulomb-14        LJ (SR)   Coulomb (SR)   Coul. recip.      Potential
   -6.53998e+03   -3.69355e+04   -2.34090e+05    1.20505e+03   -1.56040e+05
    Kinetic En.   Total Energy  Conserved En.    Temperature Pressure (bar)
    1.28322e+05   -2.77180e+04    4.48828e+02    3.11017e+02    2.39499e+02
   Constr. rmsd
    0.00000e+00

           Step           Time
         175000      350.00000

   Energies (kJ/mol)
           Bond          Angle    Proper Dih. Per. Imp. Dih.          LJ-14
    1.49338e+04    6.33011e+04    2.74071e+04    1.01342e+02    1.49905e+04
     Coulomb-14        LJ (SR)   Coulomb (SR)   Coul. recip.      Potential
   -6.48053e+03   -3.72621e+04   -2.33166e+05    1.26066e+03   -1.54914e+05
    Kinetic En.   Total Energy  Conserved En.    Temperature Pressure (bar)
    1.28661e+05   -2.62527e+04    4.02152e+02    3.11839e+02    1.95066e+02
   Constr. rmsd
    0.00000e+00

           Step           Time
         175500      351.00000

   Energies (kJ/mol)
           Bond          Angle    Proper Dih. Per. Imp. Dih.          LJ-14
    1.51608e+04    6.32487e+04    2.74608e+04    1.11753e+02    1.49389e+04
     Coulomb-14        LJ (SR)   Coulomb (SR)   Coul. recip.      Potential
   -6.42568e+03   -3.70277e+04   -2.33821e+05    1.15301e+03   -1.55200e+05
    Kinetic En.   Total Energy  Conserved En.    Temperature Pressure (bar)
    1.26974e+05   -2.82259e+04    5.36777e+02    3.07751e+02   -2.90922e+02
   Constr. rmsd
    0.00000e+00

           Step           Time
         176000      352.00000

   Energies (kJ/mol)
           Bond          Angle    Proper Dih. Per. Imp. Dih.          LJ-14
    1.51829e+04    6.31072e+04    2.71660e+04    1.00723e+02    1.47540e+04
     Coulomb-14        LJ (SR)   Coulomb (SR)   Coul. recip.      Potential
   -6.52588e+03   -3.73555e+04   -2.34312e+05    1.14099e+03   -1.56742e+05
    Kinetic En.   Total Energy  Conserved En.    Temperature Pressure (bar)
    1.27955e+05   -2.87864e+04    5.34109e+02    3.10128e+02   -2.26073e+02
   Constr. rmsd
    0.00000e+00

           Step           Time
         176500      353.00000

   Energies (kJ/mol)
           Bond          Angle    Proper Dih. Per. Imp. Dih.          LJ-14
    1.45908e+04    6.37660e+04    2.73683e+04    9.00208e+01    1.49089e+04
     Coulomb-14        LJ (SR)   Coulomb (SR)   Coul. recip.      Potential
   -6.47546e+03   -3.74180e+04   -2.33760e+05    1.15537e+03   -1.55774e+05
    Kinetic En.   Total Energy  Conserved En.    Temperature Pressure (bar)
    1.28040e+05   -2.77339e+04    3.40510e+02    3.10334e+02   -2.45560e+01
   Constr. rmsd
    0.00000e+00

           Step           Time
         177000      354.00000

   Energies (kJ/mol)
           Bond          Angle    Proper Dih. Per. Imp. Dih.          LJ-14
    1.48858e+04    6.38646e+04    2.71459e+04    1.22924e+02    1.49842e+04
     Coulomb-14        LJ (SR)   Coulomb (SR)   Coul. recip.      Potential
   -6.50625e+03   -3.76857e+04   -2.33068e+05    1.19247e+03   -1.55064e+05
    Kinetic En.   Total Energy  Conserved En.    Temperature Pressure (bar)
    1.27594e+05   -2.74700e+04    4.38816e+02    3.09251e+02   -8.92607e+01
   Constr. rmsd
    0.00000e+00

           Step           Time
         177500      355.00000

   Energies (kJ/mol)
           Bond          Angle    Proper Dih. Per. Imp. Dih.          LJ-14
    1.48023e+04    6.37331e+04    2.72706e+04    9.09504e+01    1.49907e+04
     Coulomb-14        LJ (SR)   Coulomb (SR)   Coul. recip.      Potential
   -6.57185e+03   -3.64477e+04   -2.34014e+05    1.22810e+03   -1.54918e+05
    Kinetic En.   Total Energy  Conserved En.    Temperature Pressure (bar)
    1.27612e+05   -2.73060e+04    4.12139e+02    3.09296e+02    1.56855e+02
   Constr. rmsd
    0.00000e+00

           Step           Time
         178000      356.00000

   Energies (kJ/mol)
           Bond          Angle    Proper Dih. Per. Imp. Dih.          LJ-14
    1.46963e+04    6.28558e+04    2.70976e+04    9.51158e+01    1.49007e+04
     Coulomb-14        LJ (SR)   Coulomb (SR)   Coul. recip.      Potential
   -6.54777e+03   -3.70710e+04   -2.33853e+05    1.27390e+03   -1.56553e+05
    Kinetic En.   Total Energy  Conserved En.    Temperature Pressure (bar)
    1.27172e+05   -2.93809e+04    3.77359e+02    3.08229e+02    2.46636e+01
   Constr. rmsd
    0.00000e+00

           Step           Time
         178500      357.00000

   Energies (kJ/mol)
           Bond          Angle    Proper Dih. Per. Imp. Dih.          LJ-14
    1.50985e+04    6.32245e+04    2.71837e+04    8.00024e+01    1.48817e+04
     Coulomb-14        LJ (SR)   Coulomb (SR)   Coul. recip.      Potential
   -6.53348e+03   -3.66071e+04   -2.34596e+05    1.17749e+03   -1.56091e+05
    Kinetic En.   Total Energy  Conserved En.    Temperature Pressure (bar)
    1.28465e+05   -2.76254e+04    4.01488e+02    3.11364e+02   -8.12725e+01
   Constr. rmsd
    0.00000e+00

           Step           Time
         179000      358.00000

   Energies (kJ/mol)
           Bond          Angle    Proper Dih. Per. Imp. Dih.          LJ-14
    1.49587e+04    6.30158e+04    2.74664e+04    9.88673e+01    1.49340e+04
     Coulomb-14        LJ (SR)   Coulomb (SR)   Coul. recip.      Potential
   -6.52644e+03   -3.71108e+04   -2.34034e+05    1.21561e+03   -1.55982e+05
    Kinetic En.   Total Energy  Conserved En.    Temperature Pressure (bar)
    1.28303e+05   -2.76789e+04    5.18660e+02    3.10971e+02   -1.73149e+02
   Constr. rmsd
    0.00000e+00

           Step           Time
         179500      359.00000

   Energies (kJ/mol)
           Bond          Angle    Proper Dih. Per. Imp. Dih.          LJ-14
    1.48576e+04    6.42355e+04    2.73135e+04    9.25560e+01    1.48126e+04
     Coulomb-14        LJ (SR)   Coulomb (SR)   Coul. recip.      Potential
   -6.43378e+03   -3.70311e+04   -2.34325e+05    1.21309e+03   -1.55265e+05
    Kinetic En.   Total Energy  Conserved En.    Temperature Pressure (bar)
    1.28132e+05   -2.71324e+04    7.63076e+02    3.10557e+02   -4.45944e+01
   Constr. rmsd
    0.00000e+00

           Step           Time
         180000      360.00000

   Energies (kJ/mol)
           Bond          Angle    Proper Dih. Per. Imp. Dih.          LJ-14
    1.47658e+04    6.35748e+04    2.74254e+04    9.79494e+01    1.50551e+04
     Coulomb-14        LJ (SR)   Coulomb (SR)   Coul. recip.      Potential
   -6.52416e+03   -3.72782e+04   -2.33388e+05    1.17115e+03   -1.55100e+05
    Kinetic En.   Total Energy  Conserved En.    Temperature Pressure (bar)
    1.28040e+05   -2.70599e+04    7.59088e+02    3.10334e+02    1.67672e+02
   Constr. rmsd
    0.00000e+00

           Step           Time
         180500      361.00000

   Energies (kJ/mol)
           Bond          Angle    Proper Dih. Per. Imp. Dih.          LJ-14
    1.52417e+04    6.34763e+04    2.74233e+04    9.85203e+01    1.49250e+04
     Coulomb-14        LJ (SR)   Coulomb (SR)   Coul. recip.      Potential
   -6.53622e+03   -3.73142e+04   -2.33514e+05    1.20760e+03   -1.54992e+05
    Kinetic En.   Total Energy  Conserved En.    Temperature Pressure (bar)
    1.28482e+05   -2.65105e+04    6.90475e+02    3.11404e+02   -1.13108e+02
   Constr. rmsd
    0.00000e+00

           Step           Time
         181000      362.00000

   Energies (kJ/mol)
           Bond          Angle    Proper Dih. Per. Imp. Dih.          LJ-14
    1.45693e+04    6.39857e+04    2.73971e+04    1.03039e+02    1.50858e+04
     Coulomb-14        LJ (SR)   Coulomb (SR)   Coul. recip.      Potential
   -6.58188e+03   -3.77856e+04   -2.33096e+05    1.19198e+03   -1.55131e+05
    Kinetic En.   Total Energy  Conserved En.    Temperature Pressure (bar)
    1.27943e+05   -2.71877e+04    6.85566e+02    3.10098e+02    1.53228e+02
   Constr. rmsd
    0.00000e+00

           Step           Time
         181500      363.00000

   Energies (kJ/mol)
           Bond          Angle    Proper Dih. Per. Imp. Dih.          LJ-14
    1.49035e+04    6.35938e+04    2.73998e+04    9.45500e+01    1.48474e+04
     Coulomb-14        LJ (SR)   Coulomb (SR)   Coul. recip.      Potential
   -6.46644e+03   -3.68885e+04   -2.33610e+05    1.18595e+03   -1.54940e+05
    Kinetic En.   Total Energy  Conserved En.    Temperature Pressure (bar)
    1.29030e+05   -2.59105e+04    6.92396e+02    3.12732e+02   -1.36028e+02
   Constr. rmsd
    0.00000e+00

           Step           Time
         182000      364.00000

   Energies (kJ/mol)
           Bond          Angle    Proper Dih. Per. Imp. Dih.          LJ-14
    1.53091e+04    6.28407e+04    2.73985e+04    8.96565e+01    1.49098e+04
     Coulomb-14        LJ (SR)   Coulomb (SR)   Coul. recip.      Potential
   -6.47454e+03   -3.72904e+04   -2.33487e+05    1.17636e+03   -1.55527e+05
    Kinetic En.   Total Energy  Conserved En.    Temperature Pressure (bar)
    1.27230e+05   -2.82975e+04    7.64188e+02    3.08370e+02   -2.97460e+02
   Constr. rmsd
    0.00000e+00

           Step           Time
         182500      365.00000

   Energies (kJ/mol)
           Bond          Angle    Proper Dih. Per. Imp. Dih.          LJ-14
    1.45373e+04    6.34048e+04    2.72228e+04    1.02181e+02    1.51442e+04
     Coulomb-14        LJ (SR)   Coulomb (SR)   Coul. recip.      Potential
   -6.46138e+03   -3.64808e+04   -2.34289e+05    1.22709e+03   -1.55592e+05
    Kinetic En.   Total Energy  Conserved En.    Temperature Pressure (bar)
    1.26904e+05   -2.86886e+04    6.58145e+02    3.07579e+02    2.82434e+02
   Constr. rmsd
    0.00000e+00

           Step           Time
         183000      366.00000

   Energies (kJ/mol)
           Bond          Angle    Proper Dih. Per. Imp. Dih.          LJ-14
    1.50143e+04    6.29280e+04    2.73290e+04    8.64990e+01    1.49863e+04
     Coulomb-14        LJ (SR)   Coulomb (SR)   Coul. recip.      Potential
   -6.53517e+03   -3.65913e+04   -2.34584e+05    1.24370e+03   -1.56123e+05
    Kinetic En.   Total Energy  Conserved En.    Temperature Pressure (bar)
    1.26814e+05   -2.93086e+04    9.23381e+02    3.07363e+02    1.17181e+02
   Constr. rmsd
    0.00000e+00

           Step           Time
         183500      367.00000

   Energies (kJ/mol)
           Bond          Angle    Proper Dih. Per. Imp. Dih.          LJ-14
    1.50596e+04    6.34668e+04    2.73719e+04    9.00698e+01    1.49748e+04
     Coulomb-14        LJ (SR)   Coulomb (SR)   Coul. recip.      Potential
   -6.48034e+03   -3.69240e+04   -2.33314e+05    1.18384e+03   -1.54572e+05
    Kinetic En.   Total Energy  Conserved En.    Temperature Pressure (bar)
    1.27290e+05   -2.72817e+04    1.08561e+03    3.08515e+02    5.48766e+01
   Constr. rmsd
    0.00000e+00

           Step           Time
         184000      368.00000

   Energies (kJ/mol)
           Bond          Angle    Proper Dih. Per. Imp. Dih.          LJ-14
    1.49248e+04    6.35953e+04    2.73012e+04    1.06682e+02    1.49759e+04
     Coulomb-14        LJ (SR)   Coulomb (SR)   Coul. recip.      Potential
   -6.51027e+03   -3.71855e+04   -2.33573e+05    1.22155e+03   -1.55144e+05
    Kinetic En.   Total Energy  Conserved En.    Temperature Pressure (bar)
    1.28701e+05   -2.64428e+04    9.45742e+02    3.11935e+02   -8.11555e+01
   Constr. rmsd
    0.00000e+00

           Step           Time
         184500      369.00000

   Energies (kJ/mol)
           Bond          Angle    Proper Dih. Per. Imp. Dih.          LJ-14
    1.49511e+04    6.27152e+04    2.74132e+04    1.03951e+02    1.50316e+04
     Coulomb-14        LJ (SR)   Coulomb (SR)   Coul. recip.      Potential
   -6.45611e+03   -3.68820e+04   -2.34367e+05    1.23310e+03   -1.56257e+05
    Kinetic En.   Total Energy  Conserved En.    Temperature Pressure (bar)
    1.27281e+05   -2.89754e+04    8.87391e+02    3.08494e+02   -1.35386e+01
   Constr. rmsd
    0.00000e+00

           Step           Time
         185000      370.00000

   Energies (kJ/mol)
           Bond          Angle    Proper Dih. Per. Imp. Dih.          LJ-14
    1.45875e+04    6.32683e+04    2.75803e+04    1.00264e+02    1.49872e+04
     Coulomb-14        LJ (SR)   Coulomb (SR)   Coul. recip.      Potential
   -6.48227e+03   -3.63892e+04   -2.34392e+05    1.10777e+03   -1.55632e+05
    Kinetic En.   Total Energy  Conserved En.    Temperature Pressure (bar)
    1.27994e+05   -2.76375e+04    9.41318e+02    3.10223e+02    1.12616e+02
   Constr. rmsd
    0.00000e+00

           Step           Time
         185500      371.00000

   Energies (kJ/mol)
           Bond          Angle    Proper Dih. Per. Imp. Dih.          LJ-14
    1.50440e+04    6.33290e+04    2.74108e+04    1.02293e+02    1.47713e+04
     Coulomb-14        LJ (SR)   Coulomb (SR)   Coul. recip.      Potential
   -6.43238e+03   -3.84557e+04   -2.32180e+05    1.16165e+03   -1.55249e+05
    Kinetic En.   Total Energy  Conserved En.    Temperature Pressure (bar)
    1.28858e+05   -2.63914e+04    1.28654e+03    3.12316e+02   -2.69849e+02
   Constr. rmsd
    0.00000e+00

           Step           Time
         186000      372.00000

   Energies (kJ/mol)
           Bond          Angle    Proper Dih. Per. Imp. Dih.          LJ-14
    1.47765e+04    6.30516e+04    2.72717e+04    1.08667e+02    1.50154e+04
     Coulomb-14        LJ (SR)   Coulomb (SR)   Coul. recip.      Potential
   -6.50744e+03   -3.76601e+04   -2.32982e+05    1.25529e+03   -1.55671e+05
    Kinetic En.   Total Energy  Conserved En.    Temperature Pressure (bar)
    1.27515e+05   -2.81558e+04    1.31892e+03    3.09060e+02    2.66219e+02
   Constr. rmsd
    0.00000e+00

           Step           Time
         186500      373.00000

   Energies (kJ/mol)
           Bond          Angle    Proper Dih. Per. Imp. Dih.          LJ-14
    1.48945e+04    6.42298e+04    2.76083e+04    1.03366e+02    1.50395e+04
     Coulomb-14        LJ (SR)   Coulomb (SR)   Coul. recip.      Potential
   -6.46600e+03   -3.64722e+04   -2.34823e+05    1.17406e+03   -1.54711e+05
    Kinetic En.   Total Energy  Conserved En.    Temperature Pressure (bar)
    1.28129e+05   -2.65822e+04    1.41427e+03    3.10549e+02    2.28071e+02
   Constr. rmsd
    0.00000e+00

           Step           Time
         187000      374.00000

   Energies (kJ/mol)
           Bond          Angle    Proper Dih. Per. Imp. Dih.          LJ-14
    1.51560e+04    6.34870e+04    2.72481e+04    1.05719e+02    1.50172e+04
     Coulomb-14        LJ (SR)   Coulomb (SR)   Coul. recip.      Potential
   -6.46923e+03   -3.65838e+04   -2.34906e+05    1.20070e+03   -1.55745e+05
    Kinetic En.   Total Energy  Conserved En.    Temperature Pressure (bar)
    1.28453e+05   -2.72918e+04    1.44238e+03    3.11334e+02   -4.28394e+01
   Constr. rmsd
    0.00000e+00

           Step           Time
         187500      375.00000

   Energies (kJ/mol)
           Bond          Angle    Proper Dih. Per. Imp. Dih.          LJ-14
    1.48174e+04    6.36903e+04    2.74163e+04    1.21250e+02    1.49647e+04
     Coulomb-14        LJ (SR)   Coulomb (SR)   Coul. recip.      Potential
   -6.44909e+03   -3.75776e+04   -2.33242e+05    1.27361e+03   -1.54986e+05
    Kinetic En.   Total Energy  Conserved En.    Temperature Pressure (bar)
    1.28292e+05   -2.66934e+04    1.61870e+03    3.10945e+02   -3.99020e+01
   Constr. rmsd
    0.00000e+00

           Step           Time
         188000      376.00000

   Energies (kJ/mol)
           Bond          Angle    Proper Dih. Per. Imp. Dih.          LJ-14
    1.50236e+04    6.36441e+04    2.74558e+04    9.86773e+01    1.48678e+04
     Coulomb-14        LJ (SR)   Coulomb (SR)   Coul. recip.      Potential
   -6.43607e+03   -3.72656e+04   -2.34827e+05    1.12834e+03   -1.56311e+05
    Kinetic En.   Total Energy  Conserved En.    Temperature Pressure (bar)
    1.27370e+05   -2.89402e+04    1.78062e+03    3.08711e+02    2.19809e+01
   Constr. rmsd
    0.00000e+00

           Step           Time
         188500      377.00000

   Energies (kJ/mol)
           Bond          Angle    Proper Dih. Per. Imp. Dih.          LJ-14
    1.46075e+04    6.29846e+04    2.73367e+04    1.04707e+02    1.49750e+04
     Coulomb-14        LJ (SR)   Coulomb (SR)   Coul. recip.      Potential
   -6.48907e+03   -3.69816e+04   -2.34557e+05    1.15802e+03   -1.56861e+05
    Kinetic En.   Total Energy  Conserved En.    Temperature Pressure (bar)
    1.26573e+05   -3.02877e+04    1.60498e+03    3.06778e+02    1.72725e+02
   Constr. rmsd
    0.00000e+00

           Step           Time
         189000      378.00000

   Energies (kJ/mol)
           Bond          Angle    Proper Dih. Per. Imp. Dih.          LJ-14
    1.51157e+04    6.42898e+04    2.78196e+04    9.49328e+01    1.50094e+04
     Coulomb-14        LJ (SR)   Coulomb (SR)   Coul. recip.      Potential
   -6.64118e+03   -3.78009e+04   -2.32662e+05    1.21207e+03   -1.53562e+05
    Kinetic En.   Total Energy  Conserved En.    Temperature Pressure (bar)
    1.28926e+05   -2.46362e+04    1.38092e+03    3.12482e+02   -6.12308e+00
   Constr. rmsd
    0.00000e+00

           Step           Time
         189500      379.00000

   Energies (kJ/mol)
           Bond          Angle    Proper Dih. Per. Imp. Dih.          LJ-14
    1.48738e+04    6.27760e+04    2.72180e+04    1.01660e+02    1.49200e+04
     Coulomb-14        LJ (SR)   Coulomb (SR)   Coul. recip.      Potential
   -6.48858e+03   -3.72540e+04   -2.33412e+05    1.20303e+03   -1.56062e+05
    Kinetic En.   Total Energy  Conserved En.    Temperature Pressure (bar)
    1.27883e+05   -2.81789e+04    1.34643e+03    3.09953e+02   -1.50718e+02
   Constr. rmsd
    0.00000e+00

           Step           Time
         190000      380.00000

   Energies (kJ/mol)
           Bond          Angle    Proper Dih. Per. Imp. Dih.          LJ-14
    1.49605e+04    6.34136e+04    2.73340e+04    1.07610e+02    1.50109e+04
     Coulomb-14        LJ (SR)   Coulomb (SR)   Coul. recip.      Potential
   -6.52479e+03   -3.60346e+04   -2.34823e+05    1.17226e+03   -1.55384e+05
    Kinetic En.   Total Energy  Conserved En.    Temperature Pressure (bar)
    1.27937e+05   -2.74465e+04    1.33979e+03    3.10084e+02    4.47878e+01
   Constr. rmsd
    0.00000e+00

           Step           Time
         190500      381.00000

   Energies (kJ/mol)
           Bond          Angle    Proper Dih. Per. Imp. Dih.          LJ-14
    1.51481e+04    6.39145e+04    2.72996e+04    9.64758e+01    1.48632e+04
     Coulomb-14        LJ (SR)   Coulomb (SR)   Coul. recip.      Potential
   -6.37724e+03   -3.69851e+04   -2.33997e+05    1.19469e+03   -1.54843e+05
    Kinetic En.   Total Energy  Conserved En.    Temperature Pressure (bar)
    1.27866e+05   -2.69775e+04    1.36886e+03    3.09910e+02    1.32406e+01
   Constr. rmsd
    0.00000e+00

           Step           Time
         191000      382.00000

   Energies (kJ/mol)
           Bond          Angle    Proper Dih. Per. Imp. Dih.          LJ-14
    1.49773e+04    6.37563e+04    2.72455e+04    1.02500e+02    1.49181e+04
     Coulomb-14        LJ (SR)   Coulomb (SR)   Coul. recip.      Potential
   -6.50995e+03   -3.63548e+04   -2.34875e+05    1.20708e+03   -1.55533e+05
    Kinetic En.   Total Energy  Conserved En.    Temperature Pressure (bar)
    1.28041e+05   -2.74917e+04    1.35397e+03    3.10337e+02   -1.12659e+02
   Constr. rmsd
    0.00000e+00

           Step           Time
         191500      383.00000

   Energies (kJ/mol)
           Bond          Angle    Proper Dih. Per. Imp. Dih.          LJ-14
    1.49963e+04    6.30316e+04    2.73150e+04    1.07352e+02    1.49656e+04
     Coulomb-14        LJ (SR)   Coulomb (SR)   Coul. recip.      Potential
   -6.53846e+03   -3.71815e+04   -2.34579e+05    1.15000e+03   -1.56734e+05
    Kinetic En.   Total Energy  Conserved En.    Temperature Pressure (bar)
    1.27926e+05   -2.88079e+04    1.44351e+03    3.10056e+02   -8.38441e+01
   Constr. rmsd
    0.00000e+00

           Step           Time
         192000      384.00000

   Energies (kJ/mol)
           Bond          Angle    Proper Dih. Per. Imp. Dih.          LJ-14
    1.49238e+04    6.32095e+04    2.74118e+04    8.28495e+01    1.48884e+04
     Coulomb-14        LJ (SR)   Coulomb (SR)   Coul. recip.      Potential
   -6.57629e+03   -3.79200e+04   -2.33162e+05    1.17360e+03   -1.55969e+05
    Kinetic En.   Total Energy  Conserved En.    Temperature Pressure (bar)
    1.26567e+05   -2.94019e+04    1.50123e+03    3.06762e+02   -2.66986e+02
   Constr. rmsd
    0.00000e+00

           Step           Time
         192500      385.00000

   Energies (kJ/mol)
           Bond          Angle    Proper Dih. Per. Imp. Dih.          LJ-14
    1.48355e+04    6.32956e+04    2.72391e+04    1.08435e+02    1.49104e+04
     Coulomb-14        LJ (SR)   Coulomb (SR)   Coul. recip.      Potential
   -6.49207e+03   -3.67498e+04   -2.34286e+05    1.20712e+03   -1.55932e+05
    Kinetic En.   Total Energy  Conserved En.    Temperature Pressure (bar)
    1.27480e+05   -2.84516e+04    1.58764e+03    3.08977e+02    5.41554e+01
   Constr. rmsd
    0.00000e+00

           Step           Time
         193000      386.00000

   Energies (kJ/mol)
           Bond          Angle    Proper Dih. Per. Imp. Dih.          LJ-14
    1.52144e+04    6.37755e+04    2.71833e+04    1.01882e+02    1.48531e+04
     Coulomb-14        LJ (SR)   Coulomb (SR)   Coul. recip.      Potential
   -6.58871e+03   -3.73888e+04   -2.33860e+05    1.19832e+03   -1.55511e+05
    Kinetic En.   Total Energy  Conserved En.    Temperature Pressure (bar)
    1.28110e+05   -2.74010e+04    2.05986e+03    3.10504e+02   -2.34752e+02
   Constr. rmsd
    0.00000e+00

           Step           Time
         193500      387.00000

   Energies (kJ/mol)
           Bond          Angle    Proper Dih. Per. Imp. Dih.          LJ-14
    1.45218e+04    6.30790e+04    2.73288e+04    1.06329e+02    1.50920e+04
     Coulomb-14        LJ (SR)   Coulomb (SR)   Coul. recip.      Potential
   -6.56171e+03   -3.70824e+04   -2.34655e+05    1.18379e+03   -1.56987e+05
    Kinetic En.   Total Energy  Conserved En.    Temperature Pressure (bar)
    1.27640e+05   -2.93473e+04    1.96553e+03    3.09364e+02    2.74107e+02
   Constr. rmsd
    0.00000e+00

           Step           Time
         194000      388.00000

   Energies (kJ/mol)
           Bond          Angle    Proper Dih. Per. Imp. Dih.          LJ-14
    1.52110e+04    6.32025e+04    2.73048e+04    1.12748e+02    1.49207e+04
     Coulomb-14        LJ (SR)   Coulomb (SR)   Coul. recip.      Potential
   -6.50413e+03   -3.73276e+04   -2.33590e+05    1.23390e+03   -1.55436e+05
    Kinetic En.   Total Energy  Conserved En.    Temperature Pressure (bar)
    1.28800e+05   -2.66364e+04    1.77316e+03    3.12175e+02   -1.54544e+02
   Constr. rmsd
    0.00000e+00

           Step           Time
         194500      389.00000

   Energies (kJ/mol)
           Bond          Angle    Proper Dih. Per. Imp. Dih.          LJ-14
    1.48829e+04    6.40700e+04    2.72231e+04    9.65633e+01    1.48640e+04
     Coulomb-14        LJ (SR)   Coulomb (SR)   Coul. recip.      Potential
   -6.54822e+03   -3.79916e+04   -2.32661e+05    1.16278e+03   -1.54902e+05
    Kinetic En.   Total Energy  Conserved En.    Temperature Pressure (bar)
    1.27493e+05   -2.74081e+04    2.04971e+03    3.09009e+02   -1.98761e+02
   Constr. rmsd
    0.00000e+00

           Step           Time
         195000      390.00000

   Energies (kJ/mol)
           Bond          Angle    Proper Dih. Per. Imp. Dih.          LJ-14
    1.49128e+04    6.32507e+04    2.74254e+04    1.19658e+02    1.48446e+04
     Coulomb-14        LJ (SR)   Coulomb (SR)   Coul. recip.      Potential
   -6.51649e+03   -3.71489e+04   -2.34111e+05    1.20827e+03   -1.56015e+05
    Kinetic En.   Total Energy  Conserved En.    Temperature Pressure (bar)
    1.26840e+05   -2.91746e+04    2.02796e+03    3.07426e+02   -3.03498e+02
   Constr. rmsd
    0.00000e+00

           Step           Time
         195500      391.00000

   Energies (kJ/mol)
           Bond          Angle    Proper Dih. Per. Imp. Dih.          LJ-14
    1.47600e+04    6.35383e+04    2.75976e+04    1.01810e+02    1.49214e+04
     Coulomb-14        LJ (SR)   Coulomb (SR)   Coul. recip.      Potential
   -6.49338e+03   -3.66346e+04   -2.33613e+05    1.16573e+03   -1.54657e+05
    Kinetic En.   Total Energy  Conserved En.    Temperature Pressure (bar)
    1.27312e+05   -2.73443e+04    1.91851e+03    3.08570e+02    7.52013e+01
   Constr. rmsd
    0.00000e+00

           Step           Time
         196000      392.00000

   Energies (kJ/mol)
           Bond          Angle    Proper Dih. Per. Imp. Dih.          LJ-14
    1.50607e+04    6.32186e+04    2.74183e+04    1.12200e+02    1.50355e+04
     Coulomb-14        LJ (SR)   Coulomb (SR)   Coul. recip.      Potential
   -6.47400e+03   -3.66390e+04   -2.34377e+05    1.17194e+03   -1.55473e+05
    Kinetic En.   Total Energy  Conserved En.    Temperature Pressure (bar)
    1.27317e+05   -2.81560e+04    2.30395e+03    3.08581e+02   -4.89995e+01
   Constr. rmsd
    0.00000e+00

           Step           Time
         196500      393.00000

   Energies (kJ/mol)
           Bond          Angle    Proper Dih. Per. Imp. Dih.          LJ-14
    1.50038e+04    6.27489e+04    2.73666e+04    9.77456e+01    1.48539e+04
     Coulomb-14        LJ (SR)   Coulomb (SR)   Coul. recip.      Potential
   -6.46231e+03   -3.67012e+04   -2.34962e+05    1.15879e+03   -1.56896e+05
    Kinetic En.   Total Energy  Conserved En.    Temperature Pressure (bar)
    1.27552e+05   -2.93443e+04    2.43378e+03    3.09150e+02   -3.26838e+01
   Constr. rmsd
    0.00000e+00

           Step           Time
         197000      394.00000

   Energies (kJ/mol)
           Bond          Angle    Proper Dih. Per. Imp. Dih.          LJ-14
    1.47985e+04    6.36567e+04    2.74715e+04    1.03440e+02    1.49122e+04
     Coulomb-14        LJ (SR)   Coulomb (SR)   Coul. recip.      Potential
   -6.51045e+03   -3.75716e+04   -2.33952e+05    1.20726e+03   -1.55885e+05
    Kinetic En.   Total Energy  Conserved En.    Temperature Pressure (bar)
    1.28570e+05   -2.73150e+04    2.55301e+03    3.11617e+02    1.11610e+02
   Constr. rmsd
    0.00000e+00

           Step           Time
         197500      395.00000

   Energies (kJ/mol)
           Bond          Angle    Proper Dih. Per. Imp. Dih.          LJ-14
    1.48562e+04    6.27243e+04    2.74041e+04    8.94476e+01    1.49500e+04
     Coulomb-14        LJ (SR)   Coulomb (SR)   Coul. recip.      Potential
   -6.53140e+03   -3.74841e+04   -2.33835e+05    1.16539e+03   -1.56661e+05
    Kinetic En.   Total Energy  Conserved En.    Temperature Pressure (bar)
    1.27810e+05   -2.88508e+04    2.68105e+03    3.09776e+02   -8.83903e+01
   Constr. rmsd
    0.00000e+00

           Step           Time
         198000      396.00000

   Energies (kJ/mol)
           Bond          Angle    Proper Dih. Per. Imp. Dih.          LJ-14
    1.44734e+04    6.33927e+04    2.72120e+04    1.05595e+02    1.49860e+04
     Coulomb-14        LJ (SR)   Coulomb (SR)   Coul. recip.      Potential
   -6.47899e+03   -3.70711e+04   -2.34060e+05    1.27268e+03   -1.56168e+05
    Kinetic En.   Total Energy  Conserved En.    Temperature Pressure (bar)
    1.28178e+05   -2.79901e+04    2.50385e+03    3.10667e+02    4.38084e+02
   Constr. rmsd
    0.00000e+00

           Step           Time
         198500      397.00000

   Energies (kJ/mol)
           Bond          Angle    Proper Dih. Per. Imp. Dih.          LJ-14
    1.50499e+04    6.31881e+04    2.73289e+04    9.24562e+01    1.48847e+04
     Coulomb-14        LJ (SR)   Coulomb (SR)   Coul. recip.      Potential
   -6.53001e+03   -3.72889e+04   -2.34843e+05    1.15132e+03   -1.56966e+05
    Kinetic En.   Total Energy  Conserved En.    Temperature Pressure (bar)
    1.28355e+05   -2.86108e+04    2.79699e+03    3.11098e+02    1.81676e+01
   Constr. rmsd
    0.00000e+00

           Step           Time
         199000      398.00000

   Energies (kJ/mol)
           Bond          Angle    Proper Dih. Per. Imp. Dih.          LJ-14
    1.49478e+04    6.32395e+04    2.73562e+04    9.88281e+01    1.49096e+04
     Coulomb-14        LJ (SR)   Coulomb (SR)   Coul. recip.      Potential
   -6.50795e+03   -3.83366e+04   -2.33037e+05    1.21543e+03   -1.56114e+05
    Kinetic En.   Total Energy  Conserved En.    Temperature Pressure (bar)
    1.28181e+05   -2.79330e+04    2.77465e+03    3.10674e+02   -2.21577e+02
   Constr. rmsd
    0.00000e+00

           Step           Time
         199500      399.00000

   Energies (kJ/mol)
           Bond          Angle    Proper Dih. Per. Imp. Dih.          LJ-14
    1.49984e+04    6.39642e+04    2.73726e+04    1.01402e+02    1.50122e+04
     Coulomb-14        LJ (SR)   Coulomb (SR)   Coul. recip.      Potential
   -6.42265e+03   -3.67745e+04   -2.34899e+05    1.17373e+03   -1.55474e+05
    Kinetic En.   Total Energy  Conserved En.    Temperature Pressure (bar)
    1.27559e+05   -2.79153e+04    2.94064e+03    3.09166e+02    6.27838e+01
   Constr. rmsd
    0.00000e+00

           Step           Time
         200000      400.00000

   Energies (kJ/mol)
           Bond          Angle    Proper Dih. Per. Imp. Dih.          LJ-14
    1.50344e+04    6.39644e+04    2.74378e+04    1.08268e+02    1.48471e+04
     Coulomb-14        LJ (SR)   Coulomb (SR)   Coul. recip.      Potential
   -6.44750e+03   -3.75110e+04   -2.33400e+05    1.21150e+03   -1.54755e+05
    Kinetic En.   Total Energy  Conserved En.    Temperature Pressure (bar)
    1.28034e+05   -2.67207e+04    2.93579e+03    3.10319e+02   -5.13209e+02
   Constr. rmsd
    0.00000e+00

           Step           Time
         200500      401.00000

   Energies (kJ/mol)
           Bond          Angle    Proper Dih. Per. Imp. Dih.          LJ-14
    1.49612e+04    6.38074e+04    2.75733e+04    1.17196e+02    1.50253e+04
     Coulomb-14        LJ (SR)   Coulomb (SR)   Coul. recip.      Potential
   -6.52125e+03   -3.72413e+04   -2.33148e+05    1.24118e+03   -1.54185e+05
    Kinetic En.   Total Energy  Conserved En.    Temperature Pressure (bar)
    1.28524e+05   -2.56613e+04    2.99878e+03    3.11505e+02    1.68345e+02
   Constr. rmsd
    0.00000e+00

           Step           Time
         201000      402.00000

   Energies (kJ/mol)
           Bond          Angle    Proper Dih. Per. Imp. Dih.          LJ-14
    1.48942e+04    6.28932e+04    2.74733e+04    1.30879e+02    1.49729e+04
     Coulomb-14        LJ (SR)   Coulomb (SR)   Coul. recip.      Potential
   -6.59694e+03   -3.75570e+04   -2.33738e+05    1.13636e+03   -1.56391e+05
    Kinetic En.   Total Energy  Conserved En.    Temperature Pressure (bar)
    1.27408e+05   -2.89829e+04    2.96447e+03    3.08802e+02   -2.30934e+01
   Constr. rmsd
    0.00000e+00

           Step           Time
         201500      403.00000

   Energies (kJ/mol)
           Bond          Angle    Proper Dih. Per. Imp. Dih.          LJ-14
    1.46306e+04    6.27279e+04    2.73502e+04    1.19332e+02    1.49935e+04
     Coulomb-14        LJ (SR)   Coulomb (SR)   Coul. recip.      Potential
   -6.58389e+03   -3.69002e+04   -2.35625e+05    1.13532e+03   -1.58153e+05
    Kinetic En.   Total Energy  Conserved En.    Temperature Pressure (bar)
    1.27305e+05   -3.08479e+04    3.08874e+03    3.08551e+02    1.66152e+02
   Constr. rmsd
    0.00000e+00

           Step           Time
         202000      404.00000

   Energies (kJ/mol)
           Bond          Angle    Proper Dih. Per. Imp. Dih.          LJ-14
    1.50772e+04    6.36012e+04    2.76043e+04    8.68850e+01    1.49509e+04
     Coulomb-14        LJ (SR)   Coulomb (SR)   Coul. recip.      Potential
   -6.49944e+03   -3.73637e+04   -2.34321e+05    1.20135e+03   -1.55662e+05
    Kinetic En.   Total Energy  Conserved En.    Temperature Pressure (bar)
    1.27763e+05   -2.78985e+04    3.12986e+03    3.09663e+02   -1.47051e+02
   Constr. rmsd
    0.00000e+00

           Step           Time
         202500      405.00000

   Energies (kJ/mol)
           Bond          Angle    Proper Dih. Per. Imp. Dih.          LJ-14
    1.47331e+04    6.36958e+04    2.73236e+04    1.05056e+02    1.47962e+04
     Coulomb-14        LJ (SR)   Coulomb (SR)   Coul. recip.      Potential
   -6.56965e+03   -3.83730e+04   -2.33294e+05    1.18582e+03   -1.56397e+05
    Kinetic En.   Total Energy  Conserved En.    Temperature Pressure (bar)
    1.27466e+05   -2.89316e+04    3.23767e+03    3.08942e+02   -2.84933e+02
   Constr. rmsd
    0.00000e+00

           Step           Time
         203000      406.00000

   Energies (kJ/mol)
           Bond          Angle    Proper Dih. Per. Imp. Dih.          LJ-14
    1.49760e+04    6.38737e+04    2.73590e+04    1.09008e+02    1.47886e+04
     Coulomb-14        LJ (SR)   Coulomb (SR)   Coul. recip.      Potential
   -6.47491e+03   -3.72619e+04   -2.34521e+05    1.17579e+03   -1.55976e+05
    Kinetic En.   Total Energy  Conserved En.    Temperature Pressure (bar)
    1.27615e+05   -2.83604e+04    3.36356e+03    3.09304e+02   -7.65152e+01
   Constr. rmsd
    0.00000e+00

           Step           Time
         203500      407.00000

   Energies (kJ/mol)
           Bond          Angle    Proper Dih. Per. Imp. Dih.          LJ-14
    1.48989e+04    6.32556e+04    2.75480e+04    1.20359e+02    1.50318e+04
     Coulomb-14        LJ (SR)   Coulomb (SR)   Coul. recip.      Potential
   -6.43912e+03   -3.80878e+04   -2.32864e+05    1.14353e+03   -1.55393e+05
    Kinetic En.   Total Energy  Conserved En.    Temperature Pressure (bar)
    1.27879e+05   -2.75136e+04    3.41072e+03    3.09944e+02   -3.08012e+01
   Constr. rmsd
    0.00000e+00

           Step           Time
         204000      408.00000

   Energies (kJ/mol)
           Bond          Angle    Proper Dih. Per. Imp. Dih.          LJ-14
    1.48702e+04    6.39928e+04    2.73474e+04    9.41560e+01    1.50840e+04
     Coulomb-14        LJ (SR)   Coulomb (SR)   Coul. recip.      Potential
   -6.47142e+03   -3.70753e+04   -2.34922e+05    1.18490e+03   -1.55896e+05
    Kinetic En.   Total Energy  Conserved En.    Temperature Pressure (bar)
    1.27990e+05   -2.79060e+04    3.51286e+03    3.10211e+02    1.08810e+02
   Constr. rmsd
    0.00000e+00

           Step           Time
         204500      409.00000

   Energies (kJ/mol)
           Bond          Angle    Proper Dih. Per. Imp. Dih.          LJ-14
    1.47719e+04    6.29539e+04    2.72073e+04    9.59907e+01    1.49682e+04
     Coulomb-14        LJ (SR)   Coulomb (SR)   Coul. recip.      Potential
   -6.40693e+03   -3.79345e+04   -2.34286e+05    1.14919e+03   -1.57481e+05
    Kinetic En.   Total Energy  Conserved En.    Temperature Pressure (bar)
    1.28308e+05   -2.91725e+04    3.21513e+03    3.10984e+02    1.94615e+02
   Constr. rmsd
    0.00000e+00

           Step           Time
         205000      410.00000

   Energies (kJ/mol)
           Bond          Angle    Proper Dih. Per. Imp. Dih.          LJ-14
    1.49816e+04    6.39384e+04    2.70706e+04    9.33303e+01    1.48020e+04
     Coulomb-14        LJ (SR)   Coulomb (SR)   Coul. recip.      Potential
   -6.47536e+03   -3.73436e+04   -2.33754e+05    1.18085e+03   -1.55506e+05
    Kinetic En.   Total Energy  Conserved En.    Temperature Pressure (bar)
    1.28725e+05   -2.67804e+04    3.24195e+03    3.11994e+02   -2.02671e+02
   Constr. rmsd
    0.00000e+00

           Step           Time
         205500      411.00000

   Energies (kJ/mol)
           Bond          Angle    Proper Dih. Per. Imp. Dih.          LJ-14
    1.49860e+04    6.39529e+04    2.72047e+04    8.91988e+01    1.46991e+04
     Coulomb-14        LJ (SR)   Coulomb (SR)   Coul. recip.      Potential
   -6.49384e+03   -3.69830e+04   -2.33970e+05    1.17219e+03   -1.55343e+05
    Kinetic En.   Total Energy  Conserved En.    Temperature Pressure (bar)
    1.27067e+05   -2.82753e+04    3.43911e+03    3.07976e+02   -2.59025e+02
   Constr. rmsd
    0.00000e+00

           Step           Time
         206000      412.00000

   Energies (kJ/mol)
           Bond          Angle    Proper Dih. Per. Imp. Dih.          LJ-14
    1.47685e+04    6.36913e+04    2.74446e+04    9.92668e+01    1.49315e+04
     Coulomb-14        LJ (SR)   Coulomb (SR)   Coul. recip.      Potential
   -6.43509e+03   -3.81449e+04   -2.32891e+05    1.19615e+03   -1.55339e+05
    Kinetic En.   Total Energy  Conserved En.    Temperature Pressure (bar)
    1.28047e+05   -2.72921e+04    3.39799e+03    3.10351e+02    7.48761e+01
   Constr. rmsd
    0.00000e+00

           Step           Time
         206500      413.00000

   Energies (kJ/mol)
           Bond          Angle    Proper Dih. Per. Imp. Dih.          LJ-14
    1.48371e+04    6.40466e+04    2.72391e+04    9.90433e+01    1.50245e+04
     Coulomb-14        LJ (SR)   Coulomb (SR)   Coul. recip.      Potential
   -6.42359e+03   -3.74402e+04   -2.33517e+05    1.17239e+03   -1.54962e+05
    Kinetic En.   Total Energy  Conserved En.    Temperature Pressure (bar)
    1.27441e+05   -2.75213e+04    3.25404e+03    3.08881e+02    1.05111e+02
   Constr. rmsd
    0.00000e+00

           Step           Time
         207000      414.00000

   Energies (kJ/mol)
           Bond          Angle    Proper Dih. Per. Imp. Dih.          LJ-14
    1.46710e+04    6.30102e+04    2.73999e+04    9.41669e+01    1.49127e+04
     Coulomb-14        LJ (SR)   Coulomb (SR)   Coul. recip.      Potential
   -6.47508e+03   -3.70350e+04   -2.35242e+05    1.19088e+03   -1.57473e+05
    Kinetic En.   Total Energy  Conserved En.    Temperature Pressure (bar)
    1.26877e+05   -3.05959e+04    3.27160e+03    3.07515e+02    1.11674e+02
   Constr. rmsd
    0.00000e+00

           Step           Time
         207500      415.00000

   Energies (kJ/mol)
           Bond          Angle    Proper Dih. Per. Imp. Dih.          LJ-14
    1.48184e+04    6.36723e+04    2.75835e+04    9.41160e+01    1.49080e+04
     Coulomb-14        LJ (SR)   Coulomb (SR)   Coul. recip.      Potential
   -6.45119e+03   -3.73054e+04   -2.34202e+05    1.21544e+03   -1.55666e+05
    Kinetic En.   Total Energy  Conserved En.    Temperature Pressure (bar)
    1.27979e+05   -2.76876e+04    3.49138e+03    3.10185e+02   -1.07796e+02
   Constr. rmsd
    0.00000e+00

           Step           Time
         208000      416.00000

   Energies (kJ/mol)
           Bond          Angle    Proper Dih. Per. Imp. Dih.          LJ-14
    1.44835e+04    6.32078e+04    2.73958e+04    1.26261e+02    1.49312e+04
     Coulomb-14        LJ (SR)   Coulomb (SR)   Coul. recip.      Potential
   -6.48476e+03   -3.77093e+04   -2.34602e+05    1.16421e+03   -1.57488e+05
    Kinetic En.   Total Energy  Conserved En.    Temperature Pressure (bar)
    1.27781e+05   -2.97065e+04    3.66070e+03    3.09706e+02   -1.81207e+02
   Constr. rmsd
    0.00000e+00

           Step           Time
         208500      417.00000

   Energies (kJ/mol)
           Bond          Angle    Proper Dih. Per. Imp. Dih.          LJ-14
    1.49005e+04    6.39781e+04    2.73399e+04    9.40021e+01    1.51160e+04
     Coulomb-14        LJ (SR)   Coulomb (SR)   Coul. recip.      Potential
   -6.43175e+03   -3.77721e+04   -2.32999e+05    1.13833e+03   -1.54636e+05
    Kinetic En.   Total Energy  Conserved En.    Temperature Pressure (bar)
    1.28036e+05   -2.66000e+04    3.64205e+03    3.10324e+02    5.38633e+00
   Constr. rmsd
    0.00000e+00

           Step           Time
         209000      418.00000

   Energies (kJ/mol)
           Bond          Angle    Proper Dih. Per. Imp. Dih.          LJ-14
    1.46125e+04    6.31290e+04    2.73142e+04    9.80854e+01    1.50617e+04
     Coulomb-14        LJ (SR)   Coulomb (SR)   Coul. recip.      Potential
   -6.43525e+03   -3.76819e+04   -2.33269e+05    1.15491e+03   -1.56016e+05
    Kinetic En.   Total Energy  Conserved En.    Temperature Pressure (bar)
    1.28525e+05   -2.74912e+04    3.55427e+03    3.11509e+02    2.08545e+02
   Constr. rmsd
    0.00000e+00

           Step           Time
         209500      419.00000

   Energies (kJ/mol)
           Bond          Angle    Proper Dih. Per. Imp. Dih.          LJ-14
    1.52799e+04    6.33624e+04    2.70534e+04    1.13019e+02    1.49330e+04
     Coulomb-14        LJ (SR)   Coulomb (SR)   Coul. recip.      Potential
   -6.56967e+03   -3.76274e+04   -2.32849e+05    1.15504e+03   -1.55149e+05
    Kinetic En.   Total Energy  Conserved En.    Temperature Pressure (bar)
    1.27050e+05   -2.80997e+04    3.66356e+03    3.07933e+02   -9.25931e+01
   Constr. rmsd
    0.00000e+00

           Step           Time
         210000      420.00000

   Energies (kJ/mol)
           Bond          Angle    Proper Dih. Per. Imp. Dih.          LJ-14
    1.48505e+04    6.34714e+04    2.72517e+04    9.53259e+01    1.48564e+04
     Coulomb-14        LJ (SR)   Coulomb (SR)   Coul. recip.      Potential
   -6.40155e+03   -3.79290e+04   -2.32982e+05    1.13495e+03   -1.55652e+05
    Kinetic En.   Total Energy  Conserved En.    Temperature Pressure (bar)
    1.28148e+05   -2.75046e+04    3.68380e+03    3.10595e+02   -9.83138e+01
   Constr. rmsd
    0.00000e+00

           Step           Time
         210500      421.00000

   Energies (kJ/mol)
           Bond          Angle    Proper Dih. Per. Imp. Dih.          LJ-14
    1.52678e+04    6.36988e+04    2.74428e+04    1.02589e+02    1.51381e+04
     Coulomb-14        LJ (SR)   Coulomb (SR)   Coul. recip.      Potential
   -6.44423e+03   -3.75060e+04   -2.33494e+05    1.27699e+03   -1.54517e+05
    Kinetic En.   Total Energy  Conserved En.    Temperature Pressure (bar)
    1.28276e+05   -2.62405e+04    3.98487e+03    3.10906e+02    2.15001e+02
   Constr. rmsd
    0.00000e+00

           Step           Time
         211000      422.00000

   Energies (kJ/mol)
           Bond          Angle    Proper Dih. Per. Imp. Dih.          LJ-14
    1.48594e+04    6.35392e+04    2.75851e+04    1.06214e+02    1.51526e+04
     Coulomb-14        LJ (SR)   Coulomb (SR)   Coul. recip.      Potential
   -6.48553e+03   -3.60124e+04   -2.35501e+05    1.18356e+03   -1.55573e+05
    Kinetic En.   Total Energy  Conserved En.    Temperature Pressure (bar)
    1.27876e+05   -2.76963e+04    4.12483e+03    3.09937e+02    5.22340e+02
   Constr. rmsd
    0.00000e+00

           Step           Time
         211500      423.00000

   Energies (kJ/mol)
           Bond          Angle    Proper Dih. Per. Imp. Dih.          LJ-14
    1.47750e+04    6.30714e+04    2.73557e+04    1.01877e+02    1.48619e+04
     Coulomb-14        LJ (SR)   Coulomb (SR)   Coul. recip.      Potential
   -6.49894e+03   -3.70791e+04   -2.34986e+05    1.20063e+03   -1.57198e+05
    Kinetic En.   Total Energy  Conserved En.    Temperature Pressure (bar)
    1.26823e+05   -3.03753e+04    4.20749e+03    3.07383e+02    7.95241e+00
   Constr. rmsd
    0.00000e+00

           Step           Time
         212000      424.00000

   Energies (kJ/mol)
           Bond          Angle    Proper Dih. Per. Imp. Dih.          LJ-14
    1.47260e+04    6.26248e+04    2.73192e+04    1.07383e+02    1.48939e+04
     Coulomb-14        LJ (SR)   Coulomb (SR)   Coul. recip.      Potential
   -6.45669e+03   -3.77401e+04   -2.34892e+05    1.18727e+03   -1.58231e+05
    Kinetic En.   Total Energy  Conserved En.    Temperature Pressure (bar)
    1.26569e+05   -3.16616e+04    4.26071e+03    3.06768e+02    1.19491e+01
   Constr. rmsd
    0.00000e+00

           Step           Time
         212500      425.00000

   Energies (kJ/mol)
           Bond          Angle    Proper Dih. Per. Imp. Dih.          LJ-14
    1.50111e+04    6.33225e+04    2.74381e+04    9.56560e+01    1.49029e+04
     Coulomb-14        LJ (SR)   Coulomb (SR)   Coul. recip.      Potential
   -6.58016e+03   -3.66620e+04   -2.35003e+05    1.23050e+03   -1.56244e+05
    Kinetic En.   Total Energy  Conserved En.    Temperature Pressure (bar)
    1.27756e+05   -2.84881e+04    4.26906e+03    3.09646e+02   -3.69264e+00
   Constr. rmsd
    0.00000e+00

           Step           Time
         213000      426.00000

   Energies (kJ/mol)
           Bond          Angle    Proper Dih. Per. Imp. Dih.          LJ-14
    1.48041e+04    6.33370e+04    2.74466e+04    9.92143e+01    1.49855e+04
     Coulomb-14        LJ (SR)   Coulomb (SR)   Coul. recip.      Potential
   -6.54014e+03   -3.76561e+04   -2.33606e+05    1.18500e+03   -1.55945e+05
    Kinetic En.   Total Energy  Conserved En.    Temperature Pressure (bar)
    1.27037e+05   -2.89078e+04    4.41082e+03    3.07902e+02   -1.04571e+01
   Constr. rmsd
    0.00000e+00

           Step           Time
         213500      427.00000

   Energies (kJ/mol)
           Bond          Angle    Proper Dih. Per. Imp. Dih.          LJ-14
    1.48800e+04    6.33956e+04    2.73685e+04    1.01349e+02    1.50101e+04
     Coulomb-14        LJ (SR)   Coulomb (SR)   Coul. recip.      Potential
   -6.51051e+03   -3.63098e+04   -2.35300e+05    1.19749e+03   -1.56168e+05
    Kinetic En.   Total Energy  Conserved En.    Temperature Pressure (bar)
    1.28661e+05   -2.75062e+04    4.38334e+03    3.11839e+02    1.95060e+02
   Constr. rmsd
    0.00000e+00

           Step           Time
         214000      428.00000

   Energies (kJ/mol)
           Bond          Angle    Proper Dih. Per. Imp. Dih.          LJ-14
    1.46077e+04    6.39511e+04    2.73390e+04    9.76021e+01    1.52543e+04
     Coulomb-14        LJ (SR)   Coulomb (SR)   Coul. recip.      Potential
   -6.48677e+03   -3.75209e+04   -2.33579e+05    1.26584e+03   -1.55071e+05
    Kinetic En.   Total Energy  Conserved En.    Temperature Pressure (bar)
    1.28654e+05   -2.64167e+04    4.42593e+03    3.11823e+02    4.24591e+02
   Constr. rmsd
    0.00000e+00

           Step           Time
         214500      429.00000

   Energies (kJ/mol)
           Bond          Angle    Proper Dih. Per. Imp. Dih.          LJ-14
    1.48522e+04    6.27900e+04    2.76024e+04    1.10654e+02    1.50098e+04
     Coulomb-14        LJ (SR)   Coulomb (SR)   Coul. recip.      Potential
   -6.51342e+03   -3.76122e+04   -2.33656e+05    1.16929e+03   -1.56247e+05
    Kinetic En.   Total Energy  Conserved En.    Temperature Pressure (bar)
    1.27738e+05   -2.85098e+04    4.41059e+03    3.09600e+02    2.14485e+01
   Constr. rmsd
    0.00000e+00

           Step           Time
         215000      430.00000

   Energies (kJ/mol)
           Bond          Angle    Proper Dih. Per. Imp. Dih.          LJ-14
    1.48592e+04    6.40431e+04    2.75777e+04    1.09129e+02    1.49936e+04
     Coulomb-14        LJ (SR)   Coulomb (SR)   Coul. recip.      Potential
   -6.52523e+03   -3.69183e+04   -2.34246e+05    1.21341e+03   -1.54893e+05
    Kinetic En.   Total Energy  Conserved En.    Temperature Pressure (bar)
    1.27977e+05   -2.69163e+04    4.42469e+03    3.10180e+02   -6.24669e+01
   Constr. rmsd
    0.00000e+00

           Step           Time
         215500      431.00000

   Energies (kJ/mol)
           Bond          Angle    Proper Dih. Per. Imp. Dih.          LJ-14
    1.48277e+04    6.42091e+04    2.75909e+04    9.70945e+01    1.49673e+04
     Coulomb-14        LJ (SR)   Coulomb (SR)   Coul. recip.      Potential
   -6.46850e+03   -3.65112e+04   -2.34715e+05    1.21015e+03   -1.54793e+05
    Kinetic En.   Total Energy  Conserved En.    Temperature Pressure (bar)
    1.28216e+05   -2.65767e+04    4.27093e+03    3.10760e+02    1.20897e+02
   Constr. rmsd
    0.00000e+00

           Step           Time
         216000      432.00000

   Energies (kJ/mol)
           Bond          Angle    Proper Dih. Per. Imp. Dih.          LJ-14
    1.46991e+04    6.35589e+04    2.74668e+04    1.07282e+02    1.48385e+04
     Coulomb-14        LJ (SR)   Coulomb (SR)   Coul. recip.      Potential
   -6.48550e+03   -3.73471e+04   -2.33811e+05    1.18475e+03   -1.55788e+05
    Kinetic En.   Total Energy  Conserved En.    Temperature Pressure (bar)
    1.28137e+05   -2.76508e+04    4.20991e+03    3.10569e+02    2.98119e+01
   Constr. rmsd
    0.00000e+00

           Step           Time
         216500      433.00000

   Energies (kJ/mol)
           Bond          Angle    Proper Dih. Per. Imp. Dih.          LJ-14
    1.47843e+04    6.33342e+04    2.73534e+04    1.19082e+02    1.50092e+04
     Coulomb-14        LJ (SR)   Coulomb (SR)   Coul. recip.      Potential
   -6.47651e+03   -3.69840e+04   -2.34008e+05    1.17091e+03   -1.55698e+05
    Kinetic En.   Total Energy  Conserved En.    Temperature Pressure (bar)
    1.27994e+05   -2.77043e+04    4.13213e+03    3.10221e+02    3.21130e+01
   Constr. rmsd
    0.00000e+00

           Step           Time
         217000      434.00000

   Energies (kJ/mol)
           Bond          Angle    Proper Dih. Per. Imp. Dih.          LJ-14
    1.47258e+04    6.33752e+04    2.74839e+04    9.69483e+01    1.48721e+04
     Coulomb-14        LJ (SR)   Coulomb (SR)   Coul. recip.      Potential
   -6.39986e+03   -3.70565e+04   -2.34282e+05    1.20056e+03   -1.55984e+05
    Kinetic En.   Total Energy  Conserved En.    Temperature Pressure (bar)
    1.27164e+05   -2.88203e+04    4.30562e+03    3.08209e+02   -6.60379e+01
   Constr. rmsd
    0.00000e+00

           Step           Time
         217500      435.00000

   Energies (kJ/mol)
           Bond          Angle    Proper Dih. Per. Imp. Dih.          LJ-14
    1.47797e+04    6.32393e+04    2.75842e+04    1.06052e+02    1.49239e+04
     Coulomb-14        LJ (SR)   Coulomb (SR)   Coul. recip.      Potential
   -6.39486e+03   -3.69646e+04   -2.34084e+05    1.23764e+03   -1.55573e+05
    Kinetic En.   Total Energy  Conserved En.    Temperature Pressure (bar)
    1.29102e+05   -2.64708e+04    4.05930e+03    3.12907e+02    3.74782e+01
   Constr. rmsd
    0.00000e+00

           Step           Time
         218000      436.00000

   Energies (kJ/mol)
           Bond          Angle    Proper Dih. Per. Imp. Dih.          LJ-14
    1.47077e+04    6.34288e+04    2.72374e+04    7.98886e+01    1.48413e+04
     Coulomb-14        LJ (SR)   Coulomb (SR)   Coul. recip.      Potential
   -6.49373e+03   -3.73787e+04   -2.33892e+05    1.25277e+03   -1.56216e+05
    Kinetic En.   Total Energy  Conserved En.    Temperature Pressure (bar)
    1.26880e+05   -2.93365e+04    4.17530e+03    3.07521e+02   -3.29712e+02
   Constr. rmsd
    0.00000e+00

           Step           Time
         218500      437.00000

   Energies (kJ/mol)
           Bond          Angle    Proper Dih. Per. Imp. Dih.          LJ-14
    1.51590e+04    6.39274e+04    2.73869e+04    1.10789e+02    1.47683e+04
     Coulomb-14        LJ (SR)   Coulomb (SR)   Coul. recip.      Potential
   -6.44960e+03   -3.70411e+04   -2.34673e+05    1.16274e+03   -1.55649e+05
    Kinetic En.   Total Energy  Conserved En.    Temperature Pressure (bar)
    1.27221e+05   -2.84278e+04    4.67905e+03    3.08348e+02   -3.94820e+02
   Constr. rmsd
    0.00000e+00

           Step           Time
         219000      438.00000

   Energies (kJ/mol)
           Bond          Angle    Proper Dih. Per. Imp. Dih.          LJ-14
    1.49733e+04    6.25346e+04    2.74154e+04    1.07859e+02    1.49017e+04
     Coulomb-14        LJ (SR)   Coulomb (SR)   Coul. recip.      Potential
   -6.57535e+03   -3.69896e+04   -2.35136e+05    1.16054e+03   -1.57608e+05
    Kinetic En.   Total Energy  Conserved En.    Temperature Pressure (bar)
    1.27758e+05   -2.98502e+04    4.53813e+03    3.09649e+02   -7.88267e+01
   Constr. rmsd
    0.00000e+00

           Step           Time
         219500      439.00000

   Energies (kJ/mol)
           Bond          Angle    Proper Dih. Per. Imp. Dih.          LJ-14
    1.48880e+04    6.34060e+04    2.73491e+04    1.09976e+02    1.49484e+04
     Coulomb-14        LJ (SR)   Coulomb (SR)   Coul. recip.      Potential
   -6.38668e+03   -3.69255e+04   -2.34768e+05    1.23860e+03   -1.56141e+05
    Kinetic En.   Total Energy  Conserved En.    Temperature Pressure (bar)
    1.27444e+05   -2.86968e+04    4.75299e+03    3.08888e+02   -2.72187e+01
   Constr. rmsd
    0.00000e+00

           Step           Time
         220000      440.00000

   Energies (kJ/mol)
           Bond          Angle    Proper Dih. Per. Imp. Dih.          LJ-14
    1.51776e+04    6.34854e+04    2.74395e+04    9.22818e+01    1.51355e+04
     Coulomb-14        LJ (SR)   Coulomb (SR)   Coul. recip.      Potential
   -6.46533e+03   -3.67964e+04   -2.33835e+05    1.22378e+03   -1.54543e+05
    Kinetic En.   Total Energy  Conserved En.    Temperature Pressure (bar)
    1.28771e+05   -2.57725e+04    4.54699e+03    3.12104e+02    1.30340e+02
   Constr. rmsd
    0.00000e+00

           Step           Time
         220500      441.00000

   Energies (kJ/mol)
           Bond          Angle    Proper Dih. Per. Imp. Dih.          LJ-14
    1.52527e+04    6.33264e+04    2.73875e+04    1.16834e+02    1.49410e+04
     Coulomb-14        LJ (SR)   Coulomb (SR)   Coul. recip.      Potential
   -6.51794e+03   -3.65170e+04   -2.34166e+05    1.26352e+03   -1.54913e+05
    Kinetic En.   Total Energy  Conserved En.    Temperature Pressure (bar)
    1.28209e+05   -2.67036e+04    4.65129e+03    3.10743e+02    9.45281e+01
   Constr. rmsd
    0.00000e+00

           Step           Time
         221000      442.00000

   Energies (kJ/mol)
           Bond          Angle    Proper Dih. Per. Imp. Dih.          LJ-14
    1.45425e+04    6.33861e+04    2.72196e+04    9.09581e+01    1.49983e+04
     Coulomb-14        LJ (SR)   Coulomb (SR)   Coul. recip.      Potential
   -6.39714e+03   -3.70603e+04   -2.34002e+05    1.18353e+03   -1.56038e+05
    Kinetic En.   Total Energy  Conserved En.    Temperature Pressure (bar)
    1.28649e+05   -2.73889e+04    4.68077e+03    3.11810e+02    2.97126e+02
   Constr. rmsd
    0.00000e+00

           Step           Time
         221500      443.00000

   Energies (kJ/mol)
           Bond          Angle    Proper Dih. Per. Imp. Dih.          LJ-14
    1.49341e+04    6.44050e+04    2.71633e+04    9.76752e+01    1.49906e+04
     Coulomb-14        LJ (SR)   Coulomb (SR)   Coul. recip.      Potential
   -6.50966e+03   -3.74413e+04   -2.33182e+05    1.22228e+03   -1.54320e+05
    Kinetic En.   Total Energy  Conserved En.    Temperature Pressure (bar)
    1.27777e+05   -2.65428e+04    4.67914e+03    3.09696e+02    1.09412e+02
   Constr. rmsd
    0.00000e+00

           Step           Time
         222000      444.00000

   Energies (kJ/mol)
           Bond          Angle    Proper Dih. Per. Imp. Dih.          LJ-14
    1.45542e+04    6.27512e+04    2.72976e+04    9.18273e+01    1.49108e+04
     Coulomb-14        LJ (SR)   Coulomb (SR)   Coul. recip.      Potential
   -6.46265e+03   -3.70143e+04   -2.35305e+05    1.19934e+03   -1.57977e+05
    Kinetic En.   Total Energy  Conserved En.    Temperature Pressure (bar)
    1.27998e+05   -2.99786e+04    4.50442e+03    3.10232e+02   -1.52301e+01
   Constr. rmsd
    0.00000e+00

           Step           Time
         222500      445.00000

   Energies (kJ/mol)
           Bond          Angle    Proper Dih. Per. Imp. Dih.          LJ-14
    1.47943e+04    6.38388e+04    2.73500e+04    1.08494e+02    1.50359e+04
     Coulomb-14        LJ (SR)   Coulomb (SR)   Coul. recip.      Potential
   -6.50405e+03   -3.69676e+04   -2.34630e+05    1.12214e+03   -1.55852e+05
    Kinetic En.   Total Energy  Conserved En.    Temperature Pressure (bar)
    1.26961e+05   -2.88909e+04    4.62123e+03    3.07718e+02    2.85121e+01
   Constr. rmsd
    0.00000e+00

           Step           Time
         223000      446.00000

   Energies (kJ/mol)
           Bond          Angle    Proper Dih. Per. Imp. Dih.          LJ-14
    1.52726e+04    6.42179e+04    2.72459e+04    9.72925e+01    1.49063e+04
     Coulomb-14        LJ (SR)   Coulomb (SR)   Coul. recip.      Potential
   -6.48449e+03   -3.72019e+04   -2.34441e+05    1.19420e+03   -1.55193e+05
    Kinetic En.   Total Energy  Conserved En.    Temperature Pressure (bar)
    1.27395e+05   -2.77980e+04    4.72083e+03    3.08770e+02   -1.36168e+02
   Constr. rmsd
    0.00000e+00

           Step           Time
         223500      447.00000

   Energies (kJ/mol)
           Bond          Angle    Proper Dih. Per. Imp. Dih.          LJ-14
    1.50998e+04    6.27979e+04    2.74217e+04    1.11761e+02    1.51240e+04
     Coulomb-14        LJ (SR)   Coulomb (SR)   Coul. recip.      Potential
   -6.41877e+03   -3.76039e+04   -2.34062e+05    1.15236e+03   -1.56378e+05
    Kinetic En.   Total Energy  Conserved En.    Temperature Pressure (bar)
    1.27620e+05   -2.87581e+04    4.62051e+03    3.09314e+02   -3.15576e+01
   Constr. rmsd
    0.00000e+00

           Step           Time
         224000      448.00000

   Energies (kJ/mol)
           Bond          Angle    Proper Dih. Per. Imp. Dih.          LJ-14
    1.51383e+04    6.27321e+04    2.72805e+04    1.02124e+02    1.49541e+04
     Coulomb-14        LJ (SR)   Coulomb (SR)   Coul. recip.      Potential
   -6.42959e+03   -3.74852e+04   -2.33620e+05    1.19026e+03   -1.56137e+05
    Kinetic En.   Total Energy  Conserved En.    Temperature Pressure (bar)
    1.28398e+05   -2.77394e+04    4.65848e+03    3.11200e+02   -4.55845e+01
   Constr. rmsd
    0.00000e+00

           Step           Time
         224500      449.00000

   Energies (kJ/mol)
           Bond          Angle    Proper Dih. Per. Imp. Dih.          LJ-14
    1.48343e+04    6.36222e+04    2.72623e+04    8.01142e+01    1.51304e+04
     Coulomb-14        LJ (SR)   Coulomb (SR)   Coul. recip.      Potential
   -6.40210e+03   -3.67120e+04   -2.34648e+05    1.15360e+03   -1.55679e+05
    Kinetic En.   Total Energy  Conserved En.    Temperature Pressure (bar)
    1.28044e+05   -2.76353e+04    4.76560e+03    3.10343e+02    2.92542e+02
   Constr. rmsd
    0.00000e+00

           Step           Time
         225000      450.00000

   Energies (kJ/mol)
           Bond          Angle    Proper Dih. Per. Imp. Dih.          LJ-14
    1.45647e+04    6.35069e+04    2.74010e+04    1.07600e+02    1.50761e+04
     Coulomb-14        LJ (SR)   Coulomb (SR)   Coul. recip.      Potential
   -6.43197e+03   -3.67748e+04   -2.34709e+05    1.15943e+03   -1.56100e+05
    Kinetic En.   Total Energy  Conserved En.    Temperature Pressure (bar)
    1.27934e+05   -2.81658e+04    4.89723e+03    3.10078e+02    1.30158e+02
   Constr. rmsd
    0.00000e+00

           Step           Time
         225500      451.00000

   Energies (kJ/mol)
           Bond          Angle    Proper Dih. Per. Imp. Dih.          LJ-14
    1.46425e+04    6.35610e+04    2.74392e+04    9.80693e+01    1.50746e+04
     Coulomb-14        LJ (SR)   Coulomb (SR)   Coul. recip.      Potential
   -6.55147e+03   -3.68268e+04   -2.34383e+05    1.20101e+03   -1.55745e+05
    Kinetic En.   Total Energy  Conserved En.    Temperature Pressure (bar)
    1.27033e+05   -2.87120e+04    4.97866e+03    3.07893e+02    2.96511e+02
   Constr. rmsd
    0.00000e+00

           Step           Time
         226000      452.00000

   Energies (kJ/mol)
           Bond          Angle    Proper Dih. Per. Imp. Dih.          LJ-14
    1.49133e+04    6.31724e+04    2.75390e+04    1.06591e+02    1.51390e+04
     Coulomb-14        LJ (SR)   Coulomb (SR)   Coul. recip.      Potential
   -6.50422e+03   -3.73600e+04   -2.33645e+05    1.20448e+03   -1.55434e+05
    Kinetic En.   Total Energy  Conserved En.    Temperature Pressure (bar)
    1.28366e+05   -2.70683e+04    5.26696e+03    3.11124e+02    9.15726e+00
   Constr. rmsd
    0.00000e+00

           Step           Time
         226500      453.00000

   Energies (kJ/mol)
           Bond          Angle    Proper Dih. Per. Imp. Dih.          LJ-14
    1.48176e+04    6.31504e+04    2.72488e+04    9.75772e+01    1.49966e+04
     Coulomb-14        LJ (SR)   Coulomb (SR)   Coul. recip.      Potential
   -6.38896e+03   -3.72270e+04   -2.34827e+05    1.14384e+03   -1.56988e+05
    Kinetic En.   Total Energy  Conserved En.    Temperature Pressure (bar)
    1.27873e+05   -2.91156e+04    5.12930e+03    3.09928e+02    1.88158e+02
   Constr. rmsd
    0.00000e+00

           Step           Time
         227000      454.00000

   Energies (kJ/mol)
           Bond          Angle    Proper Dih. Per. Imp. Dih.          LJ-14
    1.53485e+04    6.33371e+04    2.74087e+04    8.09108e+01    1.47725e+04
     Coulomb-14        LJ (SR)   Coulomb (SR)   Coul. recip.      Potential
   -6.49826e+03   -3.78371e+04   -2.34159e+05    1.16120e+03   -1.56385e+05
    Kinetic En.   Total Energy  Conserved En.    Temperature Pressure (bar)
    1.28218e+05   -2.81672e+04    5.23121e+03    3.10765e+02   -1.94327e+02
   Constr. rmsd
    0.00000e+00

           Step           Time
         227500      455.00000

   Energies (kJ/mol)
           Bond          Angle    Proper Dih. Per. Imp. Dih.          LJ-14
    1.46370e+04    6.32465e+04    2.74359e+04    9.55341e+01    1.49026e+04
     Coulomb-14        LJ (SR)   Coulomb (SR)   Coul. recip.      Potential
   -6.45714e+03   -3.75272e+04   -2.34757e+05    1.21531e+03   -1.57208e+05
    Kinetic En.   Total Energy  Conserved En.    Temperature Pressure (bar)
    1.27484e+05   -2.97241e+04    5.45051e+03    3.08986e+02    4.80957e+01
   Constr. rmsd
    0.00000e+00

           Step           Time
         228000      456.00000

   Energies (kJ/mol)
           Bond          Angle    Proper Dih. Per. Imp. Dih.          LJ-14
    1.49526e+04    6.37097e+04    2.77124e+04    9.10136e+01    1.49801e+04
     Coulomb-14        LJ (SR)   Coulomb (SR)   Coul. recip.      Potential
   -6.47957e+03   -3.74624e+04   -2.34415e+05    1.16592e+03   -1.55745e+05
    Kinetic En.   Total Energy  Conserved En.    Temperature Pressure (bar)
    1.26926e+05   -2.88197e+04    5.52568e+03    3.07632e+02   -3.09643e+02
   Constr. rmsd
    0.00000e+00

           Step           Time
         228500      457.00000

   Energies (kJ/mol)
           Bond          Angle    Proper Dih. Per. Imp. Dih.          LJ-14
    1.48944e+04    6.37946e+04    2.75491e+04    9.59206e+01    1.50866e+04
     Coulomb-14        LJ (SR)   Coulomb (SR)   Coul. recip.      Potential
   -6.46155e+03   -3.72660e+04   -2.34775e+05    1.18830e+03   -1.55893e+05
    Kinetic En.   Total Energy  Conserved En.    Temperature Pressure (bar)
    1.27908e+05   -2.79857e+04    5.47913e+03    3.10013e+02    1.85998e+02
   Constr. rmsd
    0.00000e+00

           Step           Time
         229000      458.00000

   Energies (kJ/mol)
           Bond          Angle    Proper Dih. Per. Imp. Dih.          LJ-14
    1.49570e+04    6.33711e+04    2.76013e+04    1.11759e+02    1.50137e+04
     Coulomb-14        LJ (SR)   Coulomb (SR)   Coul. recip.      Potential
   -6.45845e+03   -3.71872e+04   -2.34220e+05    1.19205e+03   -1.55619e+05
    Kinetic En.   Total Energy  Conserved En.    Temperature Pressure (bar)
    1.28168e+05   -2.74511e+04    5.53781e+03    3.10642e+02    6.64083e+00
   Constr. rmsd
    0.00000e+00

           Step           Time
         229500      459.00000

   Energies (kJ/mol)
           Bond          Angle    Proper Dih. Per. Imp. Dih.          LJ-14
    1.52897e+04    6.41244e+04    2.73394e+04    9.83362e+01    1.50828e+04
     Coulomb-14        LJ (SR)   Coulomb (SR)   Coul. recip.      Potential
   -6.57247e+03   -3.75950e+04   -2.33270e+05    1.15427e+03   -1.54348e+05
    Kinetic En.   Total Energy  Conserved En.    Temperature Pressure (bar)
    1.28758e+05   -2.55902e+04    5.52801e+03    3.12074e+02    1.77120e+02
   Constr. rmsd
    0.00000e+00

           Step           Time
         230000      460.00000

   Energies (kJ/mol)
           Bond          Angle    Proper Dih. Per. Imp. Dih.          LJ-14
    1.47785e+04    6.33986e+04    2.74257e+04    1.02904e+02    1.50243e+04
     Coulomb-14        LJ (SR)   Coulomb (SR)   Coul. recip.      Potential
   -6.46794e+03   -3.68873e+04   -2.34696e+05    1.23882e+03   -1.56082e+05
    Kinetic En.   Total Energy  Conserved En.    Temperature Pressure (bar)
    1.27885e+05   -2.81972e+04    5.16648e+03    3.09957e+02    1.83120e+02
   Constr. rmsd
    0.00000e+00

           Step           Time
         230500      461.00000

   Energies (kJ/mol)
           Bond          Angle    Proper Dih. Per. Imp. Dih.          LJ-14
    1.43119e+04    6.34831e+04    2.73601e+04    1.10379e+02    1.48807e+04
     Coulomb-14        LJ (SR)   Coulomb (SR)   Coul. recip.      Potential
   -6.49929e+03   -3.64981e+04   -2.35634e+05    1.17165e+03   -1.57313e+05
    Kinetic En.   Total Energy  Conserved En.    Temperature Pressure (bar)
    1.27815e+05   -2.94981e+04    5.08124e+03    3.09788e+02    1.48456e+01
   Constr. rmsd
    0.00000e+00

           Step           Time
         231000      462.00000

   Energies (kJ/mol)
           Bond          Angle    Proper Dih. Per. Imp. Dih.          LJ-14
    1.49281e+04    6.37548e+04    2.75043e+04    1.18812e+02    1.50794e+04
     Coulomb-14        LJ (SR)   Coulomb (SR)   Coul. recip.      Potential
   -6.56757e+03   -3.71926e+04   -2.34273e+05    1.19091e+03   -1.55457e+05
    Kinetic En.   Total Energy  Conserved En.    Temperature Pressure (bar)
    1.27782e+05   -2.76751e+04    5.22782e+03    3.09708e+02   -1.80864e+02
   Constr. rmsd
    0.00000e+00

           Step           Time
         231500      463.00000

   Energies (kJ/mol)
           Bond          Angle    Proper Dih. Per. Imp. Dih.          LJ-14
    1.47246e+04    6.37012e+04    2.76300e+04    9.39813e+01    1.50512e+04
     Coulomb-14        LJ (SR)   Coulomb (SR)   Coul. recip.      Potential
   -6.54698e+03   -3.71421e+04   -2.34480e+05    1.21010e+03   -1.55758e+05
    Kinetic En.   Total Energy  Conserved En.    Temperature Pressure (bar)
    1.27996e+05   -2.77611e+04    5.09605e+03    3.10228e+02    2.30505e+02
   Constr. rmsd
    0.00000e+00

           Step           Time
         232000      464.00000

   Energies (kJ/mol)
           Bond          Angle    Proper Dih. Per. Imp. Dih.          LJ-14
    1.48431e+04    6.27769e+04    2.74088e+04    9.15112e+01    1.49355e+04
     Coulomb-14        LJ (SR)   Coulomb (SR)   Coul. recip.      Potential
   -6.53476e+03   -3.69095e+04   -2.34878e+05    1.17897e+03   -1.57088e+05
    Kinetic En.   Total Energy  Conserved En.    Temperature Pressure (bar)
    1.27002e+05   -3.00857e+04    4.88629e+03    3.07817e+02   -8.45738e+01
   Constr. rmsd
    0.00000e+00

           Step           Time
         232500      465.00000

   Energies (kJ/mol)
           Bond          Angle    Proper Dih. Per. Imp. Dih.          LJ-14
    1.49830e+04    6.35189e+04    2.74662e+04    1.07164e+02    1.50146e+04
     Coulomb-14        LJ (SR)   Coulomb (SR)   Coul. recip.      Potential
   -6.53879e+03   -3.71554e+04   -2.34426e+05    1.22856e+03   -1.55801e+05
    Kinetic En.   Total Energy  Conserved En.    Temperature Pressure (bar)
    1.27816e+05   -2.79854e+04    5.11246e+03    3.09790e+02    8.34953e+01
   Constr. rmsd
    0.00000e+00

           Step           Time
         233000      466.00000

   Energies (kJ/mol)
           Bond          Angle    Proper Dih. Per. Imp. Dih.          LJ-14
    1.44591e+04    6.36709e+04    2.73366e+04    9.12818e+01    1.52167e+04
     Coulomb-14        LJ (SR)   Coulomb (SR)   Coul. recip.      Potential
   -6.49412e+03   -3.70584e+04   -2.33801e+05    1.25384e+03   -1.55325e+05
    Kinetic En.   Total Energy  Conserved En.    Temperature Pressure (bar)
    1.27951e+05   -2.73740e+04    5.01809e+03    3.10118e+02    4.67217e+02
   Constr. rmsd
    0.00000e+00

           Step           Time
         233500      467.00000

   Energies (kJ/mol)
           Bond          Angle    Proper Dih. Per. Imp. Dih.          LJ-14
    1.51180e+04    6.31149e+04    2.74675e+04    1.02164e+02    1.48135e+04
     Coulomb-14        LJ (SR)   Coulomb (SR)   Coul. recip.      Potential
   -6.45970e+03   -3.68610e+04   -2.34616e+05    1.19102e+03   -1.56130e+05
    Kinetic En.   Total Energy  Conserved En.    Temperature Pressure (bar)
    1.27179e+05   -2.89504e+04    5.16841e+03    3.08247e+02   -1.76518e+02
   Constr. rmsd
    0.00000e+00

           Step           Time
         234000      468.00000

   Energies (kJ/mol)
           Bond          Angle    Proper Dih. Per. Imp. Dih.          LJ-14
    1.49288e+04    6.38487e+04    2.71998e+04    9.33079e+01    1.48332e+04
     Coulomb-14        LJ (SR)   Coulomb (SR)   Coul. recip.      Potential
   -6.55395e+03   -3.81036e+04   -2.34010e+05    1.18605e+03   -1.56578e+05
    Kinetic En.   Total Energy  Conserved En.    Temperature Pressure (bar)
    1.28539e+05   -2.80386e+04    5.30923e+03    3.11544e+02   -1.29858e+02
   Constr. rmsd
    0.00000e+00

           Step           Time
         234500      469.00000

   Energies (kJ/mol)
           Bond          Angle    Proper Dih. Per. Imp. Dih.          LJ-14
    1.46164e+04    6.34937e+04    2.74007e+04    1.05232e+02    1.50785e+04
     Coulomb-14        LJ (SR)   Coulomb (SR)   Coul. recip.      Potential
   -6.55800e+03   -3.78180e+04   -2.33831e+05    1.17610e+03   -1.56336e+05
    Kinetic En.   Total Energy  Conserved En.    Temperature Pressure (bar)
    1.28370e+05   -2.79664e+04    5.13640e+03    3.11132e+02    1.63385e+02
   Constr. rmsd
    0.00000e+00

           Step           Time
         235000      470.00000

   Energies (kJ/mol)
           Bond          Angle    Proper Dih. Per. Imp. Dih.          LJ-14
    1.46033e+04    6.33344e+04    2.76132e+04    1.13509e+02    1.50254e+04
     Coulomb-14        LJ (SR)   Coulomb (SR)   Coul. recip.      Potential
   -6.51479e+03   -3.81437e+04   -2.32509e+05    1.22841e+03   -1.55249e+05
    Kinetic En.   Total Energy  Conserved En.    Temperature Pressure (bar)
    1.27324e+05   -2.79252e+04    5.20938e+03    3.08598e+02    1.37977e+01
   Constr. rmsd
    0.00000e+00

           Step           Time
         235500      471.00000

   Energies (kJ/mol)
           Bond          Angle    Proper Dih. Per. Imp. Dih.          LJ-14
    1.46167e+04    6.31231e+04    2.72284e+04    1.02107e+02    1.49994e+04
     Coulomb-14        LJ (SR)   Coulomb (SR)   Coul. recip.      Potential
   -6.38575e+03   -3.72853e+04   -2.34414e+05    1.18754e+03   -1.56828e+05
    Kinetic En.   Total Energy  Conserved En.    Temperature Pressure (bar)
    1.27179e+05   -2.96496e+04    5.37341e+03    3.08246e+02    1.88930e+02
   Constr. rmsd
    0.00000e+00

           Step           Time
         236000      472.00000

   Energies (kJ/mol)
           Bond          Angle    Proper Dih. Per. Imp. Dih.          LJ-14
    1.50048e+04    6.29239e+04    2.77954e+04    9.77580e+01    1.49891e+04
     Coulomb-14        LJ (SR)   Coulomb (SR)   Coul. recip.      Potential
   -6.49052e+03   -3.78125e+04   -2.33338e+05    1.23572e+03   -1.55594e+05
    Kinetic En.   Total Energy  Conserved En.    Temperature Pressure (bar)
    1.27547e+05   -2.80472e+04    5.51650e+03    3.09138e+02   -3.64227e+01
   Constr. rmsd
    0.00000e+00

           Step           Time
         236500      473.00000

   Energies (kJ/mol)
           Bond          Angle    Proper Dih. Per. Imp. Dih.          LJ-14
    1.50154e+04    6.30494e+04    2.75980e+04    1.03954e+02    1.48060e+04
     Coulomb-14        LJ (SR)   Coulomb (SR)   Coul. recip.      Potential
   -6.49263e+03   -3.76187e+04   -2.34368e+05    1.25566e+03   -1.56651e+05
    Kinetic En.   Total Energy  Conserved En.    Temperature Pressure (bar)
    1.27113e+05   -2.95374e+04    5.62560e+03    3.08087e+02   -3.45882e+02
   Constr. rmsd
    0.00000e+00

           Step           Time
         237000      474.00000

   Energies (kJ/mol)
           Bond          Angle    Proper Dih. Per. Imp. Dih.          LJ-14
    1.47524e+04    6.30377e+04    2.72736e+04    8.81033e+01    1.48584e+04
     Coulomb-14        LJ (SR)   Coulomb (SR)   Coul. recip.      Potential
   -6.47911e+03   -3.73476e+04   -2.34401e+05    1.21422e+03   -1.57003e+05
    Kinetic En.   Total Energy  Conserved En.    Temperature Pressure (bar)
    1.26973e+05   -3.00302e+04    5.70095e+03    3.07748e+02    1.89042e+01
   Constr. rmsd
    0.00000e+00

           Step           Time
         237500      475.00000

   Energies (kJ/mol)
           Bond          Angle    Proper Dih. Per. Imp. Dih.          LJ-14
    1.51995e+04    6.33707e+04    2.72940e+04    1.10514e+02    1.49293e+04
     Coulomb-14        LJ (SR)   Coulomb (SR)   Coul. recip.      Potential
   -6.49100e+03   -3.74203e+04   -2.33410e+05    1.20776e+03   -1.55209e+05
    Kinetic En.   Total Energy  Conserved En.    Temperature Pressure (bar)
    1.27264e+05   -2.79453e+04    5.73075e+03    3.08452e+02   -5.24542e+01
   Constr. rmsd
    0.00000e+00

           Step           Time
         238000      476.00000

   Energies (kJ/mol)
           Bond          Angle    Proper Dih. Per. Imp. Dih.          LJ-14
    1.52271e+04    6.26056e+04    2.72365e+04    9.65605e+01    1.48317e+04
     Coulomb-14        LJ (SR)   Coulomb (SR)   Coul. recip.      Potential
   -6.46218e+03   -3.79372e+04   -2.33983e+05    1.22047e+03   -1.57165e+05
    Kinetic En.   Total Energy  Conserved En.    Temperature Pressure (bar)
    1.27983e+05   -2.91819e+04    5.73659e+03    3.10194e+02   -3.21842e+02
   Constr. rmsd
    0.00000e+00

           Step           Time
         238500      477.00000

   Energies (kJ/mol)
           Bond          Angle    Proper Dih. Per. Imp. Dih.          LJ-14
    1.53217e+04    6.35451e+04    2.73393e+04    8.94975e+01    1.50664e+04
     Coulomb-14        LJ (SR)   Coulomb (SR)   Coul. recip.      Potential
   -6.39173e+03   -3.72440e+04   -2.34216e+05    1.22839e+03   -1.55262e+05
    Kinetic En.   Total Energy  Conserved En.    Temperature Pressure (bar)
    1.27777e+05   -2.74849e+04    5.95499e+03    3.09695e+02   -1.20681e+02
   Constr. rmsd
    0.00000e+00

           Step           Time
         239000      478.00000

   Energies (kJ/mol)
           Bond          Angle    Proper Dih. Per. Imp. Dih.          LJ-14
    1.47742e+04    6.35276e+04    2.74666e+04    9.22185e+01    1.50916e+04
     Coulomb-14        LJ (SR)   Coulomb (SR)   Coul. recip.      Potential
   -6.50915e+03   -3.82772e+04   -2.33334e+05    1.17896e+03   -1.55989e+05
    Kinetic En.   Total Energy  Conserved En.    Temperature Pressure (bar)
    1.26882e+05   -2.91068e+04    5.89914e+03    3.07528e+02   -1.86966e+01
   Constr. rmsd
    0.00000e+00

           Step           Time
         239500      479.00000

   Energies (kJ/mol)
           Bond          Angle    Proper Dih. Per. Imp. Dih.          LJ-14
    1.46496e+04    6.35978e+04    2.73411e+04    9.01549e+01    1.50112e+04
     Coulomb-14        LJ (SR)   Coulomb (SR)   Coul. recip.      Potential
   -6.43682e+03   -3.72541e+04   -2.34285e+05    1.21090e+03   -1.56075e+05
    Kinetic En.   Total Energy  Conserved En.    Temperature Pressure (bar)
    1.28063e+05   -2.80128e+04    6.03667e+03    3.10388e+02    1.04747e+02
   Constr. rmsd
    0.00000e+00

           Step           Time
         240000      480.00000

   Energies (kJ/mol)
           Bond          Angle    Proper Dih. Per. Imp. Dih.          LJ-14
    1.45203e+04    6.37882e+04    2.76115e+04    1.01143e+02    1.48739e+04
     Coulomb-14        LJ (SR)   Coulomb (SR)   Coul. recip.      Potential
   -6.45421e+03   -3.80135e+04   -2.33807e+05    1.22362e+03   -1.56156e+05
    Kinetic En.   Total Energy  Conserved En.    Temperature Pressure (bar)
    1.27566e+05   -2.85892e+04    6.05013e+03    3.09186e+02   -9.42088e+01
   Constr. rmsd
    0.00000e+00

           Step           Time
         240500      481.00000

   Energies (kJ/mol)
           Bond          Angle    Proper Dih. Per. Imp. Dih.          LJ-14
    1.48209e+04    6.29617e+04    2.73254e+04    1.04131e+02    1.50815e+04
     Coulomb-14        LJ (SR)   Coulomb (SR)   Coul. recip.      Potential
   -6.51145e+03   -3.66230e+04   -2.35592e+05    1.16243e+03   -1.57270e+05
    Kinetic En.   Total Energy  Conserved En.    Temperature Pressure (bar)
    1.26964e+05   -3.03060e+04    6.05574e+03    3.07726e+02    5.09397e+01
   Constr. rmsd
    0.00000e+00

           Step           Time
         241000      482.00000

   Energies (kJ/mol)
           Bond          Angle    Proper Dih. Per. Imp. Dih.          LJ-14
    1.52484e+04    6.36144e+04    2.75061e+04    7.95526e+01    1.50318e+04
     Coulomb-14        LJ (SR)   Coulomb (SR)   Coul. recip.      Potential
   -6.49484e+03   -3.71276e+04   -2.34700e+05    1.19238e+03   -1.55650e+05
    Kinetic En.   Total Energy  Conserved En.    Temperature Pressure (bar)
    1.27571e+05   -2.80788e+04    6.25757e+03    3.09197e+02   -1.99313e+01
   Constr. rmsd
    0.00000e+00

           Step           Time
         241500      483.00000

   Energies (kJ/mol)
           Bond          Angle    Proper Dih. Per. Imp. Dih.          LJ-14
    1.51650e+04    6.36203e+04    2.74296e+04    9.46231e+01    1.49892e+04
     Coulomb-14        LJ (SR)   Coulomb (SR)   Coul. recip.      Potential
   -6.44951e+03   -3.76369e+04   -2.34243e+05    1.19529e+03   -1.55836e+05
    Kinetic En.   Total Energy  Conserved En.    Temperature Pressure (bar)
    1.27945e+05   -2.78910e+04    6.53841e+03    3.10102e+02   -1.37078e+02
   Constr. rmsd
    0.00000e+00

           Step           Time
         242000      484.00000

   Energies (kJ/mol)
           Bond          Angle    Proper Dih. Per. Imp. Dih.          LJ-14
    1.47543e+04    6.33328e+04    2.73291e+04    9.63724e+01    1.51283e+04
     Coulomb-14        LJ (SR)   Coulomb (SR)   Coul. recip.      Potential
   -6.43850e+03   -3.78561e+04   -2.34273e+05    1.19299e+03   -1.56733e+05
    Kinetic En.   Total Energy  Conserved En.    Temperature Pressure (bar)
    1.27815e+05   -2.89181e+04    6.47384e+03    3.09789e+02    1.83057e+02
   Constr. rmsd
    0.00000e+00

           Step           Time
         242500      485.00000

   Energies (kJ/mol)
           Bond          Angle    Proper Dih. Per. Imp. Dih.          LJ-14
    1.49940e+04    6.30617e+04    2.73274e+04    1.05600e+02    1.50034e+04
     Coulomb-14        LJ (SR)   Coulomb (SR)   Coul. recip.      Potential
   -6.48946e+03   -3.77766e+04   -2.34354e+05    1.21512e+03   -1.56913e+05
    Kinetic En.   Total Energy  Conserved En.    Temperature Pressure (bar)
    1.28678e+05   -2.82345e+04    6.38802e+03    3.11880e+02    2.07676e+02
   Constr. rmsd
    0.00000e+00

           Step           Time
         243000      486.00000

   Energies (kJ/mol)
           Bond          Angle    Proper Dih. Per. Imp. Dih.          LJ-14
    1.47659e+04    6.32698e+04    2.74731e+04    1.06644e+02    1.49693e+04
     Coulomb-14        LJ (SR)   Coulomb (SR)   Coul. recip.      Potential
   -6.45060e+03   -3.73750e+04   -2.34362e+05    1.14863e+03   -1.56454e+05
    Kinetic En.   Total Energy  Conserved En.    Temperature Pressure (bar)
    1.27335e+05   -2.91193e+04    6.42146e+03    3.08625e+02    7.92452e+01
   Constr. rmsd
    0.00000e+00

           Step           Time
         243500      487.00000

   Energies (kJ/mol)
           Bond          Angle    Proper Dih. Per. Imp. Dih.          LJ-14
    1.49977e+04    6.37722e+04    2.74094e+04    1.09891e+02    1.51347e+04
     Coulomb-14        LJ (SR)   Coulomb (SR)   Coul. recip.      Potential
   -6.53674e+03   -3.76398e+04   -2.33271e+05    1.15982e+03   -1.54864e+05
    Kinetic En.   Total Energy  Conserved En.    Temperature Pressure (bar)
    1.28837e+05   -2.60275e+04    6.25590e+03    3.12264e+02    1.24391e+02
   Constr. rmsd
    0.00000e+00

           Step           Time
         244000      488.00000

   Energies (kJ/mol)
           Bond          Angle    Proper Dih. Per. Imp. Dih.          LJ-14
    1.47363e+04    6.33708e+04    2.73220e+04    9.05941e+01    1.50988e+04
     Coulomb-14        LJ (SR)   Coulomb (SR)   Coul. recip.      Potential
   -6.52215e+03   -3.80416e+04   -2.33396e+05    1.15503e+03   -1.56186e+05
    Kinetic En.   Total Energy  Conserved En.    Temperature Pressure (bar)
    1.28002e+05   -2.81841e+04    6.07490e+03    3.10242e+02    2.05545e+00
   Constr. rmsd
    0.00000e+00

           Step           Time
         244500      489.00000

   Energies (kJ/mol)
           Bond          Angle    Proper Dih. Per. Imp. Dih.          LJ-14
    1.47349e+04    6.34371e+04    2.72060e+04    1.11842e+02    1.49969e+04
     Coulomb-14        LJ (SR)   Coulomb (SR)   Coul. recip.      Potential
   -6.50578e+03   -3.75325e+04   -2.33471e+05    1.19728e+03   -1.55825e+05
    Kinetic En.   Total Energy  Conserved En.    Temperature Pressure (bar)
    1.26920e+05   -2.89050e+04    6.09105e+03    3.07619e+02    2.06530e+02
   Constr. rmsd
    0.00000e+00

           Step           Time
         245000      490.00000

   Energies (kJ/mol)
           Bond          Angle    Proper Dih. Per. Imp. Dih.          LJ-14
    1.47217e+04    6.27587e+04    2.73353e+04    8.76940e+01    1.49302e+04
     Coulomb-14        LJ (SR)   Coulomb (SR)   Coul. recip.      Potential
   -6.43569e+03   -3.75057e+04   -2.33874e+05    1.17891e+03   -1.56802e+05
    Kinetic En.   Total Energy  Conserved En.    Temperature Pressure (bar)
    1.27081e+05   -2.97210e+04    6.03099e+03    3.08010e+02    2.22821e+02
   Constr. rmsd
    0.00000e+00

           Step           Time
         245500      491.00000

   Energies (kJ/mol)
           Bond          Angle    Proper Dih. Per. Imp. Dih.          LJ-14
    1.49278e+04    6.40465e+04    2.74395e+04    1.00207e+02    1.51046e+04
     Coulomb-14        LJ (SR)   Coulomb (SR)   Coul. recip.      Potential
   -6.61394e+03   -3.74282e+04   -2.33216e+05    1.20409e+03   -1.54435e+05
    Kinetic En.   Total Energy  Conserved En.    Temperature Pressure (bar)
    1.28424e+05   -2.60115e+04    6.00263e+03    3.11263e+02    1.20243e+02
   Constr. rmsd
    0.00000e+00

           Step           Time
         246000      492.00000

   Energies (kJ/mol)
           Bond          Angle    Proper Dih. Per. Imp. Dih.          LJ-14
    1.55595e+04    6.30522e+04    2.70969e+04    8.23289e+01    1.47398e+04
     Coulomb-14        LJ (SR)   Coulomb (SR)   Coul. recip.      Potential
   -6.40807e+03   -3.70302e+04   -2.34119e+05    1.21075e+03   -1.55815e+05
    Kinetic En.   Total Energy  Conserved En.    Temperature Pressure (bar)
    1.27664e+05   -2.81516e+04    6.12434e+03    3.09422e+02   -3.76184e+02
   Constr. rmsd
    0.00000e+00

           Step           Time
         246500      493.00000

   Energies (kJ/mol)
           Bond          Angle    Proper Dih. Per. Imp. Dih.          LJ-14
    1.52075e+04    6.33824e+04    2.73379e+04    1.03946e+02    1.51213e+04
     Coulomb-14        LJ (SR)   Coulomb (SR)   Coul. recip.      Potential
   -6.54017e+03   -3.76861e+04   -2.33340e+05    1.21436e+03   -1.55199e+05
    Kinetic En.   Total Energy  Conserved En.    Temperature Pressure (bar)
    1.27580e+05   -2.76189e+04    6.38784e+03    3.09219e+02   -7.97754e+01
   Constr. rmsd
    0.00000e+00

           Step           Time
         247000      494.00000

   Energies (kJ/mol)
           Bond          Angle    Proper Dih. Per. Imp. Dih.          LJ-14
    1.48517e+04    6.30494e+04    2.74633e+04    1.07560e+02    1.47515e+04
     Coulomb-14        LJ (SR)   Coulomb (SR)   Coul. recip.      Potential
   -6.56635e+03   -3.72719e+04   -2.35261e+05    1.18022e+03   -1.57696e+05
    Kinetic En.   Total Energy  Conserved En.    Temperature Pressure (bar)
    1.26551e+05   -3.11445e+04    6.32777e+03    3.06725e+02   -2.69306e+02
   Constr. rmsd
    0.00000e+00

           Step           Time
         247500      495.00000

   Energies (kJ/mol)
           Bond          Angle    Proper Dih. Per. Imp. Dih.          LJ-14
    1.50198e+04    6.26132e+04    2.71573e+04    8.78545e+01    1.48568e+04
     Coulomb-14        LJ (SR)   Coulomb (SR)   Coul. recip.      Potential
   -6.51292e+03   -3.70358e+04   -2.34669e+05    1.21589e+03   -1.57266e+05
    Kinetic En.   Total Energy  Conserved En.    Temperature Pressure (bar)
    1.27622e+05   -2.96447e+04    6.31417e+03    3.09320e+02   -6.76599e+01
   Constr. rmsd
    0.00000e+00

           Step           Time
         248000      496.00000

   Energies (kJ/mol)
           Bond          Angle    Proper Dih. Per. Imp. Dih.          LJ-14
    1.50805e+04    6.34305e+04    2.71703e+04    1.13556e+02    1.50475e+04
     Coulomb-14        LJ (SR)   Coulomb (SR)   Coul. recip.      Potential
   -6.46827e+03   -3.80063e+04   -2.32872e+05    1.18786e+03   -1.55316e+05
    Kinetic En.   Total Energy  Conserved En.    Temperature Pressure (bar)
    1.28152e+05   -2.71642e+04    6.44133e+03    3.10604e+02    1.36616e+02
   Constr. rmsd
    0.00000e+00

           Step           Time
         248500      497.00000

   Energies (kJ/mol)
           Bond          Angle    Proper Dih. Per. Imp. Dih.          LJ-14
    1.50892e+04    6.37028e+04    2.74141e+04    1.04651e+02    1.49469e+04
     Coulomb-14        LJ (SR)   Coulomb (SR)   Coul. recip.      Potential
   -6.47905e+03   -3.80122e+04   -2.33067e+05    1.20255e+03   -1.55098e+05
    Kinetic En.   Total Energy  Conserved En.    Temperature Pressure (bar)
    1.29067e+05   -2.60309e+04    6.43139e+03    3.12824e+02   -1.52303e+02
   Constr. rmsd
    0.00000e+00

           Step           Time
         249000      498.00000

   Energies (kJ/mol)
           Bond          Angle    Proper Dih. Per. Imp. Dih.          LJ-14
    1.50089e+04    6.29824e+04    2.71813e+04    1.21034e+02    1.48076e+04
     Coulomb-14        LJ (SR)   Coulomb (SR)   Coul. recip.      Potential
   -6.50849e+03   -3.77296e+04   -2.34144e+05    1.21464e+03   -1.57067e+05
    Kinetic En.   Total Energy  Conserved En.    Temperature Pressure (bar)
    1.26788e+05   -3.02786e+04    6.97752e+03    3.07299e+02   -1.40378e+02
   Constr. rmsd
    0.00000e+00

           Step           Time
         249500      499.00000

   Energies (kJ/mol)
           Bond          Angle    Proper Dih. Per. Imp. Dih.          LJ-14
    1.43472e+04    6.28728e+04    2.71112e+04    1.27901e+02    1.49615e+04
     Coulomb-14        LJ (SR)   Coulomb (SR)   Coul. recip.      Potential
   -6.58805e+03   -3.67509e+04   -2.35670e+05    1.21865e+03   -1.58370e+05
    Kinetic En.   Total Energy  Conserved En.    Temperature Pressure (bar)
    1.26862e+05   -3.15079e+04    6.77963e+03    3.07478e+02    2.83128e+02
   Constr. rmsd
    0.00000e+00

           Step           Time
         250000      500.00000

Writing checkpoint, step 250000 at Sat May  9 09:35:46 2026


   Energies (kJ/mol)
           Bond          Angle    Proper Dih. Per. Imp. Dih.          LJ-14
    1.48433e+04    6.30768e+04    2.73253e+04    1.03180e+02    1.48783e+04
     Coulomb-14        LJ (SR)   Coulomb (SR)   Coul. recip.      Potential
   -6.53226e+03   -3.81949e+04   -2.33299e+05    1.15989e+03   -1.56640e+05
    Kinetic En.   Total Energy  Conserved En.    Temperature Pressure (bar)
    1.27540e+05   -2.90996e+04    6.78291e+03    3.09122e+02   -2.09731e+01
   Constr. rmsd
    0.00000e+00


Energy conservation over simulation part #1 of length 500 ps, time 0 to 500 ps
  Conserved energy drift: 1.33e-03 kJ/mol/ps per atom


	<======  ###############  ==>
	<====  A V E R A G E S  ====>
	<==  ###############  ======>

	Statistics over 250001 steps using 2501 frames

   Energies (kJ/mol)
           Bond          Angle    Proper Dih. Per. Imp. Dih.          LJ-14
    1.49285e+04    6.34498e+04    2.74583e+04    1.00445e+02    1.49450e+04
     Coulomb-14        LJ (SR)   Coulomb (SR)   Coul. recip.      Potential
   -6.53418e+03   -3.65914e+04   -2.33869e+05    1.19716e+03   -1.54915e+05
    Kinetic En.   Total Energy  Conserved En.    Temperature Pressure (bar)
    1.27939e+05   -2.69766e+04   -4.58979e+03    3.10087e+02   -4.04482e+01
   Constr. rmsd
    0.00000e+00

          Box-X          Box-Y          Box-Z
    6.10654e+00    6.10654e+00    1.27719e+01

   Total Virial (kJ/mol)
    4.10926e+04   -3.43432e+02   -7.23106e+02
   -3.43438e+02    4.09881e+04    1.44789e+02
   -7.23113e+02    1.44790e+02    4.76638e+04

   Pressure (bar)
   -3.25278e+01    2.23343e+01    5.19213e-02
    2.23347e+01   -6.14484e+01   -4.55807e-01
    5.24106e-02   -4.55921e-01   -2.73682e+01

T-Protein_LIPIDT-Water_and_ions
    3.10075e+02    3.10122e+02


	M E G A - F L O P S   A C C O U N T I N G

 NB=Group-cutoff nonbonded kernels    NxN=N-by-N cluster Verlet kernels
 RF=Reaction-Field  VdW=Van der Waals  QSTab=quadratic-spline table
 W3=SPC/TIP3p  W4=TIP4p (single or pairs)
 V&F=Potential and force  V=Potential only  F=Force only

 Computing:                               M-Number         M-Flops  % Flops
-----------------------------------------------------------------------------
 Pair Search distance check           29405.657440      264650.917     0.0
 NxN Ewald Elec. + LJ [F]          13945127.453056  1087719941.338    98.3
 NxN Ewald Elec. + LJ [V&F]          140907.160384    18177023.690     1.6
 Shift-X                                220.954182        1325.725     0.0
 Virial                                 110.611727        1991.011     0.0
 Stop-CM                                110.499182        1104.992     0.0
 P-Coupling                             110.499182         662.995     0.0
 Calc-Ekin                             2209.188364       59648.086     0.0
-----------------------------------------------------------------------------
 Total                                              1106226348.754   100.0
-----------------------------------------------------------------------------


      R E A L   C Y C L E   A N D   T I M E   A C C O U N T I N G

On 1 MPI rank, each using 16 OpenMP threads

 Activity:              Num   Num      Call    Wall time         Giga-Cycles
                        Ranks Threads  Count      (s)         total sum    %
--------------------------------------------------------------------------------
 Neighbor search           1   16       5001       8.409        470.017   8.3
 Launch PP GPU ops.        1   16     495001      13.943        779.300  13.8
 Force                     1   16     250001       0.160          8.960   0.2
 PME GPU mesh              1   16     250001      11.110        620.980  11.0
 Wait Bonded GPU           1   16       2501       0.098          5.497   0.1
 Wait GPU NB local         1   16     250001       0.894         49.964   0.9
 Wait GPU state copy       1   16      70003      60.832       3400.047  60.3
 NB X/F buffer ops.        1   16       2501       0.047          2.606   0.0
 Write traj.               1   16         51       0.243         13.576   0.2
 Rest                                              5.145        287.573   5.1
--------------------------------------------------------------------------------
 Total                                           100.882       5638.518 100.0
--------------------------------------------------------------------------------
 Breakdown of PME mesh activities
--------------------------------------------------------------------------------
 Wait PME GPU gather       1   16     250001       0.344         19.219   0.3
 Reduce GPU PME F          1   16     250001       0.050          2.818   0.0
 Launch PME GPU ops.       1   16    2250009      10.387        580.571  10.3
--------------------------------------------------------------------------------

               Core t (s)   Wall t (s)        (%)
       Time:     1614.062      100.882     1600.0
                 (ns/day)    (hour/ns)
Performance:      428.227        0.056
Finished mdrun on rank 0 Sat May  9 09:35:46 2026

